ID,Form_ID,Form,Cognateset_ID,Doubt,Cognate_Detection_Method,Source,Alignment,Alignment_Method,Alignment_Source
KimMunLaos-303_sky-1-1,KimMunLaos-303_sky-1,guŋ³¹,1,false,expert,,,,
KimMunLaos-305_sun-1-1,KimMunLaos-305_sun-1,mə.nɔj³⁵,2,false,expert,,,,
KimMunLaos-310_thesunrises-1-1,KimMunLaos-310_thesunrises-1,mə.nɔj³⁵saːw¹³,3,false,expert,,,,
KimMunLaos-310_thesunrises-2-1,KimMunLaos-310_thesunrises-2,mə.nɔj³⁵sɛt³¹,4,false,expert,,,,
KimMunLaos-319_thesunsets-1-1,KimMunLaos-319_thesunsets-1,mə.nɔj³⁵mot²¹ȶəj²¹,5,false,expert,,,,
KimMunLaos-319_thesunsets-2-1,KimMunLaos-319_thesunsets-2,mə.nɔj³⁵tuj³¹,6,false,expert,,,,
KimMunLaos-309_moon-1-1,KimMunLaos-309_moon-1,la:³⁵,7,false,expert,,,,
KimMunLaos-323_star-1-1,KimMunLaos-323_star-1,θin⁵³taw¹³,8,false,expert,,,,
KimMunLaos-333_light-1-1,KimMunLaos-333_light-1,gwaŋ⁵³,9,false,expert,,,,
KimMunLaos-337_shadow-1-1,KimMunLaos-337_shadow-1,bə.gloj⁵³,10,false,expert,,,,
KimMunLaos-338_bright-1-1,KimMunLaos-338_bright-1,gwaŋ⁵³daŋ³⁵,12,false,expert,,,,
KimMunLaos-339_dark-1-1,KimMunLaos-339_dark-1,ȡam²¹,13,false,expert,,,,
KimMunLaos-294_cloud-1-1,KimMunLaos-294_cloud-1,van¹³,14,false,expert,,,,
KimMunLaos-299_rain-1-1,KimMunLaos-299_rain-1,buŋ²¹,15,false,expert,,,,
KimMunLaos-340_rainbow-1-1,KimMunLaos-340_rainbow-1,guŋ³¹ga:ŋ¹³,16,false,expert,,,,
KimMunLaos-311_lightning-1-1,KimMunLaos-311_lightning-1,buŋ²¹bit³¹to³⁴¹,17,false,expert,,,,
KimMunLaos-306_thunder-1-1,KimMunLaos-306_thunder-1,bu.gɔŋ⁵³haːw³¹,18,false,expert,,,,
KimMunLaos-308_wind-1-1,KimMunLaos-308_wind-1,ȡa:w¹³,19,false,expert,,,,
KimMunLaos-312_storm-1-1,KimMunLaos-312_storm-1,ȡaw¹³kja⁵³,20,false,expert,,,,
KimMunLaos-652_tomelt-1-1,KimMunLaos-652_tomelt-1,ju:¹¹,22,false,expert,,,,
KimMunLaos-314_hail-1-1,KimMunLaos-314_hail-1,pjɔ²¹,23,false,expert,,,,
KimMunLaos-315_weather-1-1,KimMunLaos-315_weather-1,si³⁵,24,false,expert,,,,
KimMunLaos-551_nicedayfineday-1-1,KimMunLaos-551_nicedayfineday-1,si³⁵gɔŋ¹³,25,false,expert,,,,
KimMunLaos-316_cloudyday-1-1,KimMunLaos-316_cloudyday-1,guŋ³¹naj³¹van¹³,26,false,expert,,,,
KimMunLaos-317_drought-1-1,KimMunLaos-317_drought-1,guŋ⁵³ha:n³⁵,27,false,expert,,,,
KimMunLaos-549_night-1-1,KimMunLaos-549_night-1,bə.ȡam²¹,28,false,expert,,,,
KimMunLaos-547_day-1-1,KimMunLaos-547_day-1,mə.nɔj³⁵ȶa:¹³,29,false,expert,,,,
KimMunLaos-548_morning-1-1,KimMunLaos-548_morning-1,bu.dom⁵³tɔn¹³,30,false,expert,,,,
KimMunLaos-552_noon-1-1,KimMunLaos-552_noon-1,dum³¹nɔj³⁵,31,false,expert,,,,
KimMunLaos-553_yesterday-1-1,KimMunLaos-553_yesterday-1,kum³¹nɔj³⁵,32,false,expert,,,,
KimMunLaos-554_tomorrow-1-1,KimMunLaos-554_tomorrow-1,saŋ³¹dom⁵³,33,false,expert,,,,
KimMunLaos-550_year-1-1,KimMunLaos-550_year-1,ȵaŋ³⁵,34,false,expert,,,,
KimMunLaos-270_east-1-1,KimMunLaos-270_east-1,tɔŋ⁵³fa:n¹³,35,false,expert,,,,
KimMunLaos-270_east-2-1,KimMunLaos-270_east-2,mə.nɔj³⁵sɛt³¹fa:n¹³,36,false,expert,,,,
KimMunLaos-271_west-1-1,KimMunLaos-271_west-1,fe⁵³fa:n¹³,37,false,expert,,,,
KimMunLaos-271_west-2-1,KimMunLaos-271_west-2,mə.nɔj³⁴¹mot²¹ȶəj³¹fa:n¹³,38,false,expert,,,,
KimMunLaos-272_north-1-1,KimMunLaos-272_north-1,pu³³fa:n¹³,39,false,expert,,,,
KimMunLaos-272_north-2-1,KimMunLaos-272_north-2,ȶa³¹le³⁵fa:n¹³,40,false,expert,,,,
KimMunLaos-273_south-1-1,KimMunLaos-273_south-1,na:m³¹fa:n¹³,41,false,expert,,,,
KimMunLaos-273_south-2-1,KimMunLaos-273_south-2,ku³³le³⁵fa:n¹³,42,false,expert,,,,
KimMunLaos-274_horizon-1-1,KimMunLaos-274_horizon-1,guŋ³¹sin³¹,43,false,expert,,,,
KimMunLaos-307_water-1-1,KimMunLaos-307_water-1,wɔm⁵³,44,false,expert,,,,
KimMunLaos-300_river-1-1,KimMunLaos-300_river-1,wɔm⁵³lu³⁵,45,false,expert,,,,
KimMunLaos-320_stream-1-1,KimMunLaos-320_stream-1,wɔm⁵³nɔ³⁴¹,46,false,expert,,,,
KimMunLaos-321_sea-1-1,KimMunLaos-321_sea-1,koj¹¹lu³⁵,47,false,expert,,,,
KimMunLaos-322_earthsoil-1-1,KimMunLaos-322_earthsoil-1,ni³⁵,48,false,expert,,,,
KimMunLaos-298_mud-1-1,KimMunLaos-298_mud-1,ni³⁵pam²¹,49,false,expert,,,,
KimMunLaos-324_dust-1-1,KimMunLaos-324_dust-1,ni³⁵buŋ³⁵,50,false,expert,,,,
KimMunLaos-304_stone-1-1,KimMunLaos-304_stone-1,gja:w⁵³,51,false,expert,,,,
KimMunLaos-325_pebble-1-1,KimMunLaos-325_pebble-1,gjaw⁵³θaj⁵³ȵɔt³⁵,52,false,expert,,,,
KimMunLaos-301_sand-1-1,KimMunLaos-301_sand-1,gjaw⁵³θaj⁵³min³¹,53,false,expert,,,,
KimMunLaos-295_gold-1-1,KimMunLaos-295_gold-1,səm⁵³,54,false,expert,,,,
KimMunLaos-302_silver-1-1,KimMunLaos-302_silver-1,ȵan³¹pɛ²¹,55,false,expert,,,,
KimMunLaos-296_iron-1-1,KimMunLaos-296_iron-1,gja:³⁵,57,false,expert,,,,
KimMunLaos-326_steel-1-1,KimMunLaos-326_steel-1,θe⁵³ȶuŋ³⁴¹,58,false,expert,,,,
KimMunLaos-297_mountain-1-1,KimMunLaos-297_mountain-1,ȶɔŋ⁵³,59,false,expert,,,,
KimMunLaos-292_cave-1-1,KimMunLaos-292_cave-1,ȶɔ.bɛŋ³¹kɔt³⁵,60,false,expert,,,,
KimMunLaos-328_swamp-1-1,KimMunLaos-328_swamp-1,gla:ŋ³¹,62,false,expert,,,,
KimMunLaos-293_cliff-1-1,KimMunLaos-293_cliff-1,gjaw⁵³bɛŋ¹³,63,false,expert,,,,
KimMunLaos-329_valley-1-1,KimMunLaos-329_valley-1,sun³⁵ȶa:w⁵³,64,false,expert,,,,
KimMunLaos-330_hole-1-1,KimMunLaos-330_hole-1,kɔt³⁵,65,false,expert,,,,
KimMunLaos-331_ice-1-1,KimMunLaos-331_ice-1,wɔm⁵³kat³¹,66,false,expert,,,,
KimMunLaos-724_toflow-1-1,KimMunLaos-724_toflow-1,tuj³⁵,67,false,expert,,,,
KimMunLaos-332_flood-1-1,KimMunLaos-332_flood-1,wɔm⁵³ja:m¹³,68,false,expert,,,,
KimMunLaos-725_tofloat-1-1,KimMunLaos-725_tofloat-1,bjo³¹,69,false,expert,,,,
KimMunLaos-726_tosink-1-1,KimMunLaos-726_tosink-1,sim⁵³,70,false,expert,,,,
KimMunLaos-334_waterfall-1-1,KimMunLaos-334_waterfall-1,wɔm⁵³tuj³¹ȶa:m³¹,71,false,expert,,,,
KimMunLaos-335_island-1-1,KimMunLaos-335_island-1,wɔm⁵³gjɛŋ⁵³,72,false,expert,,,,
KimMunLaos-336_lake-1-1,KimMunLaos-336_lake-1,wɔm⁵³gap²¹,73,false,expert,,,,
KimMunLaos-457_forest-1-1,KimMunLaos-457_forest-1,kim³¹,74,false,expert,,,,
KimMunLaos-475_tree-1-1,KimMunLaos-475_tree-1,gjaŋ¹³,75,false,expert,,,,
KimMunLaos-481_branch-1-1,KimMunLaos-481_branch-1,gjaŋ³³gwa:³¹,76,false,expert,,,,
KimMunLaos-482_treebark-1-1,KimMunLaos-482_treebark-1,gjaŋ¹³dup²¹,77,false,expert,,,,
KimMunLaos-474_thorn-1-1,KimMunLaos-474_thorn-1,ȡim³³,78,false,expert,,,,
KimMunLaos-483_root-1-1,KimMunLaos-483_root-1,gjaŋ³³duŋ³¹,79,false,expert,,,,
KimMunLaos-468_leaf-1-1,KimMunLaos-468_leaf-1,nɔm³¹,80,false,expert,,,,
KimMunLaos-464_flower-1-1,KimMunLaos-464_flower-1,gjaŋ³³fa:ŋ³¹,81,false,expert,,,,
KimMunLaos-465_fruit-1-1,KimMunLaos-465_fruit-1,gjaŋ³³pjo³³,82,false,expert,,,,
KimMunLaos-484_seed-1-1,KimMunLaos-484_seed-1,nɔm⁵³,84,false,expert,,,,
KimMunLaos-467_grass-1-1,KimMunLaos-467_grass-1,ma:¹¹,85,false,expert,,,,
KimMunLaos-485_bamboo-1-1,KimMunLaos-485_bamboo-1,la:w¹¹,86,false,expert,,,,
KimMunLaos-486_bambooshoot-1-1,KimMunLaos-486_bambooshoot-1,law¹¹bjaj²¹,87,false,expert,,,,
KimMunLaos-487_bamboopole-1-1,KimMunLaos-487_bamboopole-1,law¹¹ȶe⁵³,88,false,expert,,,,
KimMunLaos-488_coconuttree-1-1,KimMunLaos-488_coconuttree-1,mak²¹paw³¹gjaŋ¹³,89,false,expert,,,,
KimMunLaos-470_mushroom-1-1,KimMunLaos-470_mushroom-1,so⁵³,90,false,expert,,,,
KimMunLaos-472_sugarcane-1-1,KimMunLaos-472_sugarcane-1,kum³¹sa:¹³,91,false,expert,,,,
KimMunLaos-489_betelnut-1-1,KimMunLaos-489_betelnut-1,θɛn⁵³,92,false,expert,,,,
KimMunLaos-459_banana-1-1,KimMunLaos-459_banana-1,kum³¹ȶaw³⁴¹,93,false,expert,,,,
KimMunLaos-491_mango-1-1,KimMunLaos-491_mango-1,θin³¹dɔ³⁴¹pjo³³,95,false,expert,,,,
KimMunLaos-492_coconut-1-1,KimMunLaos-492_coconut-1,mak²¹paw³³pjo³³,96,false,expert,,,,
KimMunLaos-493_pineapple-1-1,KimMunLaos-493_pineapple-1,dum³¹daw³⁴¹pjo³³,97,false,expert,,,,
KimMunLaos-494_watermelon-1-1,KimMunLaos-494_watermelon-1,kwa⁵³θa:j⁵³,98,false,expert,,,,
KimMunLaos-495_apple-1-1,KimMunLaos-495_apple-1,mak²¹pom³¹pjo³³,99,false,expert,,,,
KimMunLaos-462_eggplant-1-1,KimMunLaos-462_eggplant-1,kə.daŋ³³,100,false,expert,,,,
KimMunLaos-496_peanut-1-1,KimMunLaos-496_peanut-1,tə.bwe³³ni³⁵,101,false,expert,,,,
KimMunLaos-497_ginger-1-1,KimMunLaos-497_ginger-1,θuŋ³⁵,102,false,expert,,,,
KimMunLaos-466_garlic-1-1,KimMunLaos-466_garlic-1,tun³⁵pje³³,103,false,expert,,,,
KimMunLaos-498_ricehusk-1-1,KimMunLaos-498_ricehusk-1,buj³⁵,104,false,expert,,,,
KimMunLaos-499_sweetpotato-1-1,KimMunLaos-499_sweetpotato-1,doj³¹dun⁵³,105,false,expert,,,,
KimMunLaos-500_potato-1-1,KimMunLaos-500_potato-1,fə.laŋ⁵³doj³¹,106,false,expert,,,,
KimMunLaos-473_taro-1-1,KimMunLaos-473_taro-1,hoʔ¹¹,107,false,expert,,,,
KimMunLaos-471_pumpkin-1-1,KimMunLaos-471_pumpkin-1,gjaŋ³³kwa:³³,108,false,expert,,,,
KimMunLaos-461_cucumber-1-1,KimMunLaos-461_cucumber-1,kwa⁵³,109,false,expert,,,,
KimMunLaos-501_carrot-1-1,KimMunLaos-501_carrot-1,tə.bak²¹pjo³³,110,false,expert,,,,
KimMunLaos-502_tomato-1-1,KimMunLaos-502_tomato-1,pjaw³³pjo³³,111,false,expert,,,,
KimMunLaos-503_greenbean-1-1,KimMunLaos-503_greenbean-1,tə.bwe³³miŋ⁵³,112,false,expert,,,,
KimMunLaos-476_onion-1-1,KimMunLaos-476_onion-1,tɔŋ³³pɔŋ³³,115,false,expert,,,,
KimMunLaos-505_soybeansprout-1-1,KimMunLaos-505_soybeansprout-1,tə.bwe³³ȵa:³¹,116,false,expert,,,,
KimMunLaos-506_ingredients-1-1,KimMunLaos-506_ingredients-1,aj³³jin³⁵ȶə.daj³³,117,false,expert,,,,
KimMunLaos-458_salt-1-1,KimMunLaos-458_salt-1,daw³³,118,false,expert,,,,
KimMunLaos-507_oil-1-1,KimMunLaos-507_oil-1,məj³⁵,119,false,expert,,,,
KimMunLaos-508_soysauce-1-1,KimMunLaos-508_soysauce-1,ȶə.koŋ⁵³kja:ŋ⁵³,120,false,expert,,,,
KimMunLaos-509_sugar-1-1,KimMunLaos-509_sugar-1,toŋ³¹van¹³,121,false,expert,,,,
KimMunLaos-510_whitesugar-1-1,KimMunLaos-510_whitesugar-1,toŋ³¹van³³pɛ²¹,122,false,expert,,,,
KimMunLaos-512_blackpepper-1-1,KimMunLaos-512_blackpepper-1,haw³¹θiw⁵³pjo³³,124,false,expert,,,,
KimMunLaos-513_boilingwater-1-1,KimMunLaos-513_boilingwater-1,wɔm⁵³vəj¹³,125,false,expert,,,,
KimMunLaos-514_tea-1-1,KimMunLaos-514_tea-1,ȶa:³¹,126,false,expert,,,,
KimMunLaos-515_wine-1-1,KimMunLaos-515_wine-1,blaw³¹ȶe⁵³tiw³³,127,false,expert,,,,
KimMunLaos-516_cigarette-1-1,KimMunLaos-516_cigarette-1,jin³⁵bja:t³¹,128,false,expert,,,,
KimMunLaos-621_tosmoke-1-1,KimMunLaos-621_tosmoke-1,hɔp³⁵jin³⁵bja:t³¹,129,false,expert,,,,
KimMunLaos-728_tocookrice-1-1,KimMunLaos-728_tocookrice-1,ȶo³³naŋ³⁵,130,false,expert,,,,
KimMunLaos-729_towashrice-1-1,KimMunLaos-729_towashrice-1,daw³³naŋ³⁵,131,false,expert,,,,
KimMunLaos-730_tocutintopieces-1-1,KimMunLaos-730_tocutintopieces-1,ȶap³¹,132,false,expert,,,,
KimMunLaos-731_tocutintoslices-1-1,KimMunLaos-731_tocutintoslices-1,pi¹¹,133,false,expert,,,,
KimMunLaos-732_tochopmince-1-1,KimMunLaos-732_tochopmince-1,dəj³⁵,134,false,expert,,,,
KimMunLaos-517_cuttingboard-1-1,KimMunLaos-517_cuttingboard-1,ȶum³¹ȡɛŋ³¹,135,false,expert,,,,
KimMunLaos-518_wood-1-1,KimMunLaos-518_wood-1,θa:ŋ³¹,136,false,expert,,,,
KimMunLaos-580_fryingpan-1-1,KimMunLaos-580_fryingpan-1,ȶɛŋ³⁵,137,false,expert,,,,
KimMunLaos-617_tostir-1-1,KimMunLaos-617_tostir-1,mun³¹,138,false,expert,,,,
KimMunLaos-733_tokneadadough-1-1,KimMunLaos-733_tokneadadough-1,ȵuj³¹,139,false,expert,,,,
KimMunLaos-734_topoundgarlic-1-1,KimMunLaos-734_topoundgarlic-1,ȶup³⁵,140,false,expert,,,,
KimMunLaos-735_toputiningredients-1-1,KimMunLaos-735_toputiningredients-1,θuŋ³³liw²¹,141,false,expert,,,,
KimMunLaos-736_topourover-1-1,KimMunLaos-736_topourover-1,kuŋ³³naŋ³³,142,false,expert,,,,
KimMunLaos-737_tosqueeze-1-1,KimMunLaos-737_tosqueeze-1,nɛŋ³³,143,false,expert,,,,
KimMunLaos-738_tocrackanegg-1-1,KimMunLaos-738_tocrackanegg-1,bɔ⁵³kjaw¹³,144,false,expert,,,,
KimMunLaos-739_toboil-1-1,KimMunLaos-739_toboil-1,ȶo³³,145,false,expert,,,,
KimMunLaos-740_tostirfrytofry-1-1,KimMunLaos-740_tostirfrytofry-1,ȶa:w¹¹,146,false,expert,,,,
KimMunLaos-741_tofryinfatoil-1-1,KimMunLaos-741_tofryinfatoil-1,θin¹³,147,false,expert,,,,
KimMunLaos-618_tosteam-1-1,KimMunLaos-618_tosteam-1,sa:ŋ⁵³,148,false,expert,,,,
KimMunLaos-626_toroast-1-1,KimMunLaos-626_toroast-1,si⁵³,149,false,expert,,,,
KimMunLaos-643_tobake-1-1,KimMunLaos-643_tobake-1,up³¹,150,false,expert,,,,
KimMunLaos-644_totaste-1-1,KimMunLaos-644_totaste-1,dɔp²¹,151,false,expert,,,,
KimMunLaos-645_tosetthetable-1-1,KimMunLaos-645_tosetthetable-1,bin³³ȶoŋ³⁴¹,152,false,expert,,,,
KimMunLaos-566_cover-1-1,KimMunLaos-566_cover-1,gaj¹³,153,false,expert,,,,
KimMunLaos-636_todip-1-1,KimMunLaos-636_todip-1,nam³⁴¹,154,false,expert,,,,
KimMunLaos-562_bowl-1-1,KimMunLaos-562_bowl-1,wan³³,155,false,expert,,,,
KimMunLaos-567_dish-1-1,KimMunLaos-567_dish-1,ba:n³¹,156,false,expert,,,,
KimMunLaos-563_chopsticks-1-1,KimMunLaos-563_chopsticks-1,ȶo²¹,157,false,expert,,,,
KimMunLaos-572_spoon-1-1,KimMunLaos-572_spoon-1,ȶə.kun⁵³,158,false,expert,,,,
KimMunLaos-568_bottle-1-1,KimMunLaos-568_bottle-1,ȵɛw²¹,159,false,expert,,,,
KimMunLaos-569_cup-1-1,KimMunLaos-569_cup-1,ȶɔk²¹,160,false,expert,,,,
KimMunLaos-646_togrow-1-1,KimMunLaos-646_togrow-1,sɔŋ¹³,161,false,expert,,,,
KimMunLaos-477_sprout-1-1,KimMunLaos-477_sprout-1,blaw³¹ja:ŋ⁵³,162,false,expert,,,,
KimMunLaos-647_tosprout-1-1,KimMunLaos-647_tosprout-1,pju³³ȵa:³¹,163,false,expert,,,,
KimMunLaos-478_treeshade-1-1,KimMunLaos-478_treeshade-1,gjaŋ¹³glom¹³,164,false,expert,,,,
KimMunLaos-479_petalsofaflower-1-1,KimMunLaos-479_petalsofaflower-1,ȵɛp⁵³,165,false,expert,,,,
KimMunLaos-648_toripen-1-1,KimMunLaos-648_toripen-1,su¹¹,166,false,expert,,,,
KimMunLaos-480_peel-1-1,KimMunLaos-480_peel-1,lut³⁵,167,false,expert,,,,
KimMunLaos-460_bean-1-1,KimMunLaos-460_bean-1,tɔp³¹,168,false,expert,,,,
KimMunLaos-649_towither-1-1,KimMunLaos-649_towither-1,gju³¹,169,false,expert,,,,
KimMunLaos-650_todecay-1-1,KimMunLaos-650_todecay-1,jɔt⁵³,170,false,expert,,,,
KimMunLaos-20_animal-1-1,KimMunLaos-20_animal-1,θuŋ³⁵haw³³,171,false,expert,,,,
KimMunLaos-9_tiger-1-1,KimMunLaos-9_tiger-1,gja:n³¹,172,false,expert,,,,
KimMunLaos-1_bear-1-1,KimMunLaos-1_bear-1,kjap²¹,173,false,expert,,,,
KimMunLaos-21_deer-1-1,KimMunLaos-21_deer-1,ȶim³³ȡa:j³¹,174,false,expert,,,,
KimMunLaos-3_monkey-1-1,KimMunLaos-3_monkey-1,du⁵³kuk³⁵,175,false,expert,,,,
KimMunLaos-22_rabbit-1-1,KimMunLaos-22_rabbit-1,tu³⁵,176,false,expert,,,,
KimMunLaos-23_porcupine-1-1,KimMunLaos-23_porcupine-1,dəj²¹,177,false,expert,,,,
KimMunLaos-17_dog-1-1,KimMunLaos-17_dog-1,klu³³,178,false,expert,,,,
KimMunLaos-651_tobark-1-1,KimMunLaos-651_tobark-1,ȶuŋ¹³,179,false,expert,,,,
KimMunLaos-641_tobite-1-1,KimMunLaos-641_tobite-1,tap³¹,180,false,expert,,,,
KimMunLaos-15_cat-1-1,KimMunLaos-15_cat-1,ma:w³¹,181,false,expert,,,,
KimMunLaos-5_pig-1-1,KimMunLaos-5_pig-1,tuŋ³⁴¹,183,false,expert,,,,
KimMunLaos-24_cow-1-1,KimMunLaos-24_cow-1,ŋɔŋ³³wa:ŋ³¹,184,false,expert,,,,
KimMunLaos-74_milk-1-1,KimMunLaos-74_milk-1,nu³³,185,false,expert,,,,
KimMunLaos-14_buffalo-1-1,KimMunLaos-14_buffalo-1,ŋɔŋ³³bu¹¹,186,false,expert,,,,
KimMunLaos-73_horn-1-1,KimMunLaos-73_horn-1,kjoŋ⁵³,187,false,expert,,,,
KimMunLaos-111_tail-1-1,KimMunLaos-111_tail-1,təj³³,188,false,expert,,,,
KimMunLaos-25_elephant-1-1,KimMunLaos-25_elephant-1,kjaŋ³⁴¹,189,false,expert,,,,
KimMunLaos-13_bird-1-1,KimMunLaos-13_bird-1,nɔ²¹,190,false,expert,,,,
KimMunLaos-71_birdsnest-1-1,KimMunLaos-71_birdsnest-1,nɔ²¹gjaw³⁴¹,191,false,expert,,,,
KimMunLaos-75_wing-1-1,KimMunLaos-75_wing-1,da:t⁵³,192,false,expert,,,,
KimMunLaos-76_feather-1-1,KimMunLaos-76_feather-1,nɔ²¹pje⁵³,193,false,expert,,,,
KimMunLaos-633_tofly-1-1,KimMunLaos-633_tofly-1,da:j³⁵,194,false,expert,,,,
KimMunLaos-94_egg-1-1,KimMunLaos-94_egg-1,kjaw¹³,196,false,expert,,,,
KimMunLaos-16_chicken-1-1,KimMunLaos-16_chicken-1,ȶɐ⁵³,197,false,expert,,,,
KimMunLaos-26_duck-1-1,KimMunLaos-26_duck-1,a:p⁵³,198,false,expert,,,,
KimMunLaos-18_fish-1-1,KimMunLaos-18_fish-1,bjaw³⁴¹,199,false,expert,,,,
KimMunLaos-7_snake-1-1,KimMunLaos-7_snake-1,na:ŋ⁵³,200,false,expert,,,,
KimMunLaos-27_houselizard-1-1,KimMunLaos-27_houselizard-1,kə.dun³¹,201,false,expert,,,,
KimMunLaos-10_turtle-1-1,KimMunLaos-10_turtle-1,tu²¹,202,false,expert,,,,
KimMunLaos-28_crocodile-1-1,KimMunLaos-28_crocodile-1,tu³³ȵe³⁴¹tu³³da:n³¹,203,false,expert,,,,
KimMunLaos-2_frog-1-1,KimMunLaos-2_frog-1,ȶɛŋ³³,204,false,expert,,,,
KimMunLaos-29_tadpole-1-1,KimMunLaos-29_tadpole-1,ȶɛŋ³³plɔŋ¹³,205,false,expert,,,,
KimMunLaos-8_spider-1-1,KimMunLaos-8_spider-1,kjiŋ⁵³ȵa:³³,206,false,expert,,,,
KimMunLaos-72_spiderweb-1-1,KimMunLaos-72_spiderweb-1,kjiŋ⁵³ȵa³³θa:ŋ⁵³,207,false,expert,,,,
KimMunLaos-30_lousehead-1-1,KimMunLaos-30_lousehead-1,θe¹¹,209,false,expert,,,,
KimMunLaos-31_termite-1-1,KimMunLaos-31_termite-1,sə.bla:w³¹,210,false,expert,,,,
KimMunLaos-32_cockroach-1-1,KimMunLaos-32_cockroach-1,bjan³⁴¹,211,false,expert,,,,
KimMunLaos-6_snail-1-1,KimMunLaos-6_snail-1,kwe⁵³,212,false,expert,,,,
KimMunLaos-4_mosquito-1-1,KimMunLaos-4_mosquito-1,ȶim⁵³ȶa:j⁵³,213,false,expert,,,,
KimMunLaos-12_bee-1-1,KimMunLaos-12_bee-1,məj³⁴¹,214,false,expert,,,,
KimMunLaos-19_fly-1-1,KimMunLaos-19_fly-1,kjiŋ⁵³gjəm³⁵,215,false,expert,,,,
KimMunLaos-33_butterfly-1-1,KimMunLaos-33_butterfly-1,pluŋ³¹blo³⁴¹,216,false,expert,,,,
KimMunLaos-34_scorpion-1-1,KimMunLaos-34_scorpion-1,θap³¹kɔŋ⁵³,217,false,expert,,,,
KimMunLaos-11_earthworm-1-1,KimMunLaos-11_earthworm-1,duŋ³¹na:ŋ⁵³,218,false,expert,,,,
KimMunLaos-101_head-1-1,KimMunLaos-101_head-1,pje³³,219,false,expert,,,,
KimMunLaos-96_face-1-1,KimMunLaos-96_face-1,min³⁵,220,false,expert,,,,
KimMunLaos-93_brain-1-1,KimMunLaos-93_brain-1,pje³³le²¹,221,false,expert,,,,
KimMunLaos-118_hair-1-1,KimMunLaos-118_hair-1,pje³³doŋ⁵³,222,false,expert,,,,
KimMunLaos-119_forehead-1-1,KimMunLaos-119_forehead-1,min³⁵dup²¹,223,false,expert,,,,
KimMunLaos-120_eyebrow-1-1,KimMunLaos-120_eyebrow-1,məj²¹jap³⁵pje⁵³,224,false,expert,,,,
KimMunLaos-95_eye-1-1,KimMunLaos-95_eye-1,məj²¹,225,false,expert,,,,
KimMunLaos-121_eyelid-1-1,KimMunLaos-121_eyelid-1,məj²¹dup²¹,226,false,expert,,,,
KimMunLaos-107_nose-1-1,KimMunLaos-107_nose-1,bu.ȶɔŋ⁵³,227,false,expert,,,,
KimMunLaos-122_cheek-1-1,KimMunLaos-122_cheek-1,min³⁵uj⁵³,228,false,expert,,,,
KimMunLaos-123_ear-1-1,KimMunLaos-123_ear-1,mə.nɔm³¹,229,false,expert,,,,
KimMunLaos-106_mouth-1-1,KimMunLaos-106_mouth-1,ȡɛt²¹,230,false,expert,,,,
KimMunLaos-113_tongue-1-1,KimMunLaos-113_tongue-1,bjɛt³¹,231,false,expert,,,,
KimMunLaos-109_saliva-1-1,KimMunLaos-109_saliva-1,ȡan³¹wɔm⁵³,232,false,expert,,,,
KimMunLaos-124_tooth-1-1,KimMunLaos-124_tooth-1,ȵa:³¹,234,false,expert,,,,
KimMunLaos-125_gums-1-1,KimMunLaos-125_gums-1,ȵa³¹lɔŋ³⁵,235,false,expert,,,,
KimMunLaos-115_chin-1-1,KimMunLaos-115_chin-1,klaŋ⁵³ŋam³⁴¹,236,false,expert,,,,
KimMunLaos-90_beard-1-1,KimMunLaos-90_beard-1,ȡɛt²¹θɔm³⁵,237,false,expert,,,,
KimMunLaos-89_back-1-1,KimMunLaos-89_back-1,tan³³ka:n⁵³,238,false,expert,,,,
KimMunLaos-117_navel-1-1,KimMunLaos-117_navel-1,ȵo¹¹dut⁵³kla:ŋ⁵³,239,false,expert,,,,
KimMunLaos-102_heart-1-1,KimMunLaos-102_heart-1,θim⁵³ta:w³¹,240,false,expert,,,,
KimMunLaos-105_lungs-1-1,KimMunLaos-105_lungs-1,klum³⁵,241,false,expert,,,,
KimMunLaos-104_liver-1-1,KimMunLaos-104_liver-1,gjan³⁵,242,false,expert,,,,
KimMunLaos-126_intestines-1-1,KimMunLaos-126_intestines-1,kla:ŋ³¹,243,false,expert,,,,
KimMunLaos-100_hand-1-1,KimMunLaos-100_hand-1,pu³⁴¹,244,false,expert,,,,
KimMunLaos-127_elbow-1-1,KimMunLaos-127_elbow-1,θe³¹ȡɔŋ⁵³,245,false,expert,,,,
KimMunLaos-128_armpit-1-1,KimMunLaos-128_armpit-1,kə.ȡap³¹di³³,246,false,expert,,,,
KimMunLaos-129_palm-1-1,KimMunLaos-129_palm-1,pu³⁴¹pin³³,247,false,expert,,,,
KimMunLaos-98_finger-1-1,KimMunLaos-98_finger-1,pu³⁴¹dɔ⁵³,248,false,expert,,,,
KimMunLaos-99_fingernail-1-1,KimMunLaos-99_fingernail-1,pu³⁴¹dɔ⁵³waj¹³,249,false,expert,,,,
KimMunLaos-130_buttocks-1-1,KimMunLaos-130_buttocks-1,kə.da:j³³,250,false,expert,,,,
KimMunLaos-103_leg-1-1,KimMunLaos-103_leg-1,θaw³³kla:ŋ⁵³,251,false,expert,,,,
KimMunLaos-112_thigh-1-1,KimMunLaos-112_thigh-1,θaw³³bɔŋ³³,252,false,expert,,,,
KimMunLaos-131_knee-1-1,KimMunLaos-131_knee-1,ni³⁵ȶoŋ⁵³,253,false,expert,,,,
KimMunLaos-132_calf-1-1,KimMunLaos-132_calf-1,θaw³³ȡiŋ³³,254,false,expert,,,,
KimMunLaos-133_shin-1-1,KimMunLaos-133_shin-1,θaw³³min³⁵,255,false,expert,,,,
KimMunLaos-134_foot-1-1,KimMunLaos-134_foot-1,θaw¹³,256,false,expert,,,,
KimMunLaos-116_heel-1-1,KimMunLaos-116_heel-1,θaw³³ȡɛŋ⁵³,257,false,expert,,,,
KimMunLaos-92_bone-1-1,KimMunLaos-92_bone-1,θuŋ³³,258,false,expert,,,,
KimMunLaos-136_flesh-1-1,KimMunLaos-136_flesh-1,a³³ȡa:j⁵³,260,false,expert,,,,
KimMunLaos-463_fat-1-1,KimMunLaos-463_fat-1,məj³⁵pi³¹,261,false,expert,,,,
KimMunLaos-110_skin-1-1,KimMunLaos-110_skin-1,dup²¹,262,false,expert,,,,
KimMunLaos-91_blood-1-1,KimMunLaos-91_blood-1,sa:m¹¹,263,false,expert,,,,
KimMunLaos-137_sweat-1-1,KimMunLaos-137_sweat-1,ha:n¹¹,264,false,expert,,,,
KimMunLaos-108_pus-1-1,KimMunLaos-108_pus-1,saŋ³¹nuŋ²¹,265,false,expert,,,,
KimMunLaos-97_excrement-1-1,KimMunLaos-97_excrement-1,da:j³³,266,false,expert,,,,
KimMunLaos-114_urine-1-1,KimMunLaos-114_urine-1,wa³⁴¹,267,false,expert,,,,
KimMunLaos-412_i1s-1-1,KimMunLaos-412_i1s-1,ja⁵³,268,false,expert,,,,
KimMunLaos-413_thou2s-1-1,KimMunLaos-413_thou2s-1,məj³¹,269,false,expert,,,,
KimMunLaos-415_hesheit-1-1,KimMunLaos-415_hesheit-1,θi⁵³,270,false,expert,,,,
KimMunLaos-415_hesheit-2-1,KimMunLaos-415_hesheit-2,mun³¹,271,false,expert,,,,
KimMunLaos-416_we1p-1-1,KimMunLaos-416_we1p-1,pan³¹ti³¹doj³¹,272,false,expert,,,,
KimMunLaos-417_you2p-1-1,KimMunLaos-417_you2p-1,ȵo³¹,273,false,expert,,,,
KimMunLaos-404_they-1-1,KimMunLaos-404_they-1,θi³¹tin³¹doj³¹,274,false,expert,,,,
KimMunLaos-408_man-1-1,KimMunLaos-408_man-1,mun³¹tɔn⁵³,276,false,expert,,,,
KimMunLaos-403_woman-1-1,KimMunLaos-403_woman-1,mun³¹ȡi³⁴¹,277,false,expert,,,,
KimMunLaos-418_father-1-1,KimMunLaos-418_father-1,fa:³³,278,false,expert,,,,
KimMunLaos-409_mother-1-1,KimMunLaos-409_mother-1,ȡi³⁴¹,279,false,expert,,,,
KimMunLaos-406_child-1-1,KimMunLaos-406_child-1,səj³³,280,false,expert,,,,
KimMunLaos-407_husband-1-1,KimMunLaos-407_husband-1,la:ŋ³¹,281,false,expert,,,,
KimMunLaos-411_wife-1-1,KimMunLaos-411_wife-1,aw³³,282,false,expert,,,,
KimMunLaos-410_widow-1-1,KimMunLaos-410_widow-1,mun³¹ȡi³⁴¹kwa:³³,283,false,expert,,,,
KimMunLaos-419_brotherelderoff-1-1,KimMunLaos-419_brotherelderoff-1,pɛ⁵³,284,false,expert,,,,
KimMunLaos-420_brotherelderofm-1-1,KimMunLaos-420_brotherelderofm-1,ȵaːm³³,285,false,expert,,,,
KimMunLaos-421_sisterelderoff-1-1,KimMunLaos-421_sisterelderoff-1,ȵaːm⁵³,286,false,expert,,,,
KimMunLaos-422_sisterelderofm-1-1,KimMunLaos-422_sisterelderofm-1,həj³¹,287,false,expert,,,,
KimMunLaos-423_brotheryoungeroff-1-1,KimMunLaos-423_brotheryoungeroff-1,jo³⁴¹,288,false,expert,,,,
KimMunLaos-424_brotheryoungerofm-1-1,KimMunLaos-424_brotheryoungerofm-1,naw³⁴¹,289,false,expert,,,,
KimMunLaos-425_sisteryoungeroff-1-1,KimMunLaos-425_sisteryoungeroff-1,mu²¹,290,false,expert,,,,
KimMunLaos-426_sisteryoungerofm-1-1,KimMunLaos-426_sisteryoungerofm-1,θa:j¹³,291,false,expert,,,,
KimMunLaos-427_friend-1-1,KimMunLaos-427_friend-1,pɛw³⁵,292,false,expert,,,,
KimMunLaos-427_friend-2-1,KimMunLaos-427_friend-2,lo³³toj²¹,293,false,expert,,,,
KimMunLaos-405_name-1-1,KimMunLaos-405_name-1,bu¹³,294,false,expert,,,,
KimMunLaos-603_village-1-1,KimMunLaos-603_village-1,gjaŋ³⁴¹,295,false,expert,,,,
KimMunLaos-604_roadpath-1-1,KimMunLaos-604_roadpath-1,kjaw³³,296,false,expert,,,,
KimMunLaos-602_boat-1-1,KimMunLaos-602_boat-1,da:ŋ¹¹,297,false,expert,,,,
KimMunLaos-280_house-1-1,KimMunLaos-280_house-1,pjaw³³,298,false,expert,,,,
KimMunLaos-279_door-1-1,KimMunLaos-279_door-1,kjɛŋ³¹,299,false,expert,,,,
KimMunLaos-283_window-1-1,KimMunLaos-283_window-1,kjɛŋ³¹kjan⁵³,300,false,expert,,,,
KimMunLaos-284_roof-1-1,KimMunLaos-284_roof-1,pjaw³³tuŋ¹³,301,false,expert,,,,
KimMunLaos-285_wallofhouse-1-1,KimMunLaos-285_wallofhouse-1,pjaw³³gɔŋ³⁴¹,302,false,expert,,,,
KimMunLaos-282_pillow-1-1,KimMunLaos-282_pillow-1,tuŋ³¹ȡɔm¹³,303,false,expert,,,,
KimMunLaos-278_blanket-1-1,KimMunLaos-278_blanket-1,θɔŋ³⁵,304,false,expert,,,,
KimMunLaos-281_mat-1-1,KimMunLaos-281_mat-1,tuŋ³¹tim²¹,305,false,expert,,,,
KimMunLaos-78_clothing-1-1,KimMunLaos-78_clothing-1,guj⁵³,306,false,expert,,,,
KimMunLaos-653_toweavecloth-1-1,KimMunLaos-653_toweavecloth-1,puj³³kan³⁵,307,false,expert,,,,
KimMunLaos-654_todyecloth-1-1,KimMunLaos-654_todyecloth-1,ȵum³³puj¹³,308,false,expert,,,,
KimMunLaos-79_trousers-1-1,KimMunLaos-79_trousers-1,kwa:³⁵,309,false,expert,,,,
KimMunLaos-655_tosew-1-1,KimMunLaos-655_tosew-1,gɔn³¹,310,false,expert,,,,
KimMunLaos-560_needle-1-1,KimMunLaos-560_needle-1,θim³⁵,311,false,expert,,,,
KimMunLaos-559_comb-1-1,KimMunLaos-559_comb-1,ȶa⁵³,312,false,expert,,,,
KimMunLaos-80_ringfinger-1-1,KimMunLaos-80_ringfinger-1,mun³³se³³gɛŋ¹³,313,false,expert,,,,
KimMunLaos-570_papercord-1-1,KimMunLaos-570_papercord-1,ȶe³³,314,false,expert,,,,
KimMunLaos-571_potcooking-1-1,KimMunLaos-571_potcooking-1,mɔ³³,315,false,expert,,,,
KimMunLaos-572_spoon-2-1,KimMunLaos-572_spoon-2,ȶə̌³¹kun⁵³,316,false,expert,,,,
KimMunLaos-290_fire-1-1,KimMunLaos-290_fire-1,to³⁴¹,317,false,expert,,,,
KimMunLaos-291_ashes-1-1,KimMunLaos-291_ashes-1,to³⁴¹sa:j¹¹,318,false,expert,,,,
KimMunLaos-318_smoke-1-1,KimMunLaos-318_smoke-1,to³⁴¹so³⁵,319,false,expert,,,,
KimMunLaos-573_candle-1-1,KimMunLaos-573_candle-1,ȶo⁵³,320,false,expert,,,,
KimMunLaos-656_tomove-1-1,KimMunLaos-656_tomove-1,θuj¹¹,321,false,expert,,,,
KimMunLaos-286_coffin-1-1,KimMunLaos-286_coffin-1,bin³³,322,false,expert,,,,
KimMunLaos-574_tools-1-1,KimMunLaos-574_tools-1,ȶə.ðaj³³,323,false,expert,,,,
KimMunLaos-575_scissors-1-1,KimMunLaos-575_scissors-1,ȡu²¹,324,false,expert,,,,
KimMunLaos-565_knife-1-1,KimMunLaos-565_knife-1,ȡu²¹ðɛm³¹,325,false,expert,,,,
KimMunLaos-657_tosharpenaknife-1-1,KimMunLaos-657_tosharpenaknife-1,ȡo³⁵ȡu²¹,326,false,expert,,,,
KimMunLaos-658_topierce-1-1,KimMunLaos-658_topierce-1,lɔm³⁵,327,false,expert,,,,
KimMunLaos-564_hammer-1-1,KimMunLaos-564_hammer-1,ban³³ȡe⁵³,328,false,expert,,,,
KimMunLaos-659_tohammer-1-1,KimMunLaos-659_tohammer-1,kəj³⁵,329,false,expert,,,,
KimMunLaos-561_axe-1-1,KimMunLaos-561_axe-1,po³³,330,false,expert,,,,
KimMunLaos-660_toroll-1-1,KimMunLaos-660_toroll-1,pluj⁵³,331,false,expert,,,,
KimMunLaos-576_ropes-1-1,KimMunLaos-576_ropes-1,la:ŋ³⁵,332,false,expert,,,,
KimMunLaos-577_basket-1-1,KimMunLaos-577_basket-1,da:n⁵³,333,false,expert,,,,
KimMunLaos-578_whistle-1-1,KimMunLaos-578_whistle-1,nɔ³³dɔŋ³¹,334,false,expert,,,,
KimMunLaos-579_matches-1-1,KimMunLaos-579_matches-1,jaŋ⁵³hɔ³³,335,false,expert,,,,
KimMunLaos-630_tohear-1-1,KimMunLaos-630_tohear-1,tu⁵³nuŋ³⁵,336,false,expert,,,,
KimMunLaos-661_smell-1-1,KimMunLaos-661_smell-1,si³³da:ŋ⁵³,337,false,expert,,,,
KimMunLaos-625_tosee-1-1,KimMunLaos-625_tosee-1,fat²¹,338,false,expert,,,,
KimMunLaos-662_towink-1-1,KimMunLaos-662_towink-1,ȡip²¹məj²¹,339,false,expert,,,,
KimMunLaos-663_toweep-1-1,KimMunLaos-663_toweep-1,ha:w³¹,340,false,expert,,,,
KimMunLaos-634_toeat-1-1,KimMunLaos-634_toeat-1,ȵin³³,341,false,expert,,,,
KimMunLaos-664_toswallow-1-1,KimMunLaos-664_toswallow-1,na⁵³,342,false,expert,,,,
KimMunLaos-665_tobehungry-1-1,KimMunLaos-665_tobehungry-1,ȵo³¹sa:¹³,343,false,expert,,,,
KimMunLaos-666_tobefull-1-1,KimMunLaos-666_tobefull-1,piw³³,344,false,expert,,,,
KimMunLaos-667_tobethirsty-1-1,KimMunLaos-667_tobethirsty-1,ȵo³¹ga:t³¹,345,false,expert,,,,
KimMunLaos-635_todrink-1-1,KimMunLaos-635_todrink-1,hɔp³⁵wɔm⁵³,346,false,expert,,,,
KimMunLaos-668_tobedrunk-1-1,KimMunLaos-668_tobedrunk-1,bin⁵³,347,false,expert,,,,
KimMunLaos-669_tovomit-1-1,KimMunLaos-669_tovomit-1,u³³,348,false,expert,,,,
KimMunLaos-670_tospit-1-1,KimMunLaos-670_tospit-1,ȡo³⁴¹ȡa:n⁵³,349,false,expert,,,,
KimMunLaos-671_tocough-1-1,KimMunLaos-671_tocough-1,saŋ³¹ha:³⁵,350,false,expert,,,,
KimMunLaos-672_tosneeze-1-1,KimMunLaos-672_tosneeze-1,saŋ³¹ha³⁵kjan⁵³,351,false,expert,,,,
KimMunLaos-673_toyawn-1-1,KimMunLaos-673_toyawn-1,kaw³¹ŋɔp⁵³,352,false,expert,,,,
KimMunLaos-674_tobreathe-1-1,KimMunLaos-674_tobreathe-1,tɔŋ³³si³⁵,353,false,expert,,,,
KimMunLaos-640_toblow-1-1,KimMunLaos-640_toblow-1,pjɔm³³,354,false,expert,,,,
KimMunLaos-675_tosuck-1-1,KimMunLaos-675_tosuck-1,dut⁵³,355,false,expert,,,,
KimMunLaos-675_tosuck-2-1,KimMunLaos-675_tosuck-2,hɔp³⁵,356,false,expert,,,,
KimMunLaos-676_tolick-1-1,KimMunLaos-676_tolick-1,klim³⁴¹,357,false,expert,,,,
KimMunLaos-677_tosmile-1-1,KimMunLaos-677_tosmile-1,kjət²¹,358,false,expert,,,,
KimMunLaos-678_tolaugh-1-1,KimMunLaos-678_tolaugh-1,kjət²¹,359,false,expert,,,,
KimMunLaos-679_tospeak-1-1,KimMunLaos-679_tospeak-1,kɔŋ³³,360,false,expert,,,,
KimMunLaos-615_totell-1-1,KimMunLaos-615_totell-1,bu¹³,361,false,expert,,,,
KimMunLaos-680_toshout-1-1,KimMunLaos-680_toshout-1,ha:m³⁵,362,false,expert,,,,
KimMunLaos-642_toanswer-1-1,KimMunLaos-642_toanswer-1,ta:w⁵³,363,false,expert,,,,
KimMunLaos-681_toliefib-1-1,KimMunLaos-681_toliefib-1,puŋ³³ma:w³¹,364,false,expert,,,,
KimMunLaos-682_tosing-1-1,KimMunLaos-682_tosing-1,aj¹¹ȡuŋ⁵³,365,false,expert,,,,
KimMunLaos-683_tothink-1-1,KimMunLaos-683_tothink-1,ȵe³¹,367,false,expert,,,,
KimMunLaos-629_toknow-1-1,KimMunLaos-629_toknow-1,pəj⁵³,368,false,expert,,,,
KimMunLaos-632_toforget-1-1,KimMunLaos-632_toforget-1,ȵo¹¹kɔ³³,369,false,expert,,,,
KimMunLaos-684_tolove-1-1,KimMunLaos-684_tolove-1,oj¹³,370,false,expert,,,,
KimMunLaos-685_tohate-1-1,KimMunLaos-685_tohate-1,han¹¹,371,false,expert,,,,
KimMunLaos-614_towait-1-1,KimMunLaos-614_towait-1,ȶu³³,372,false,expert,,,,
KimMunLaos-686_tocount-1-1,KimMunLaos-686_tocount-1,θa:w¹¹,373,false,expert,,,,
KimMunLaos-687_tobeafraid-1-1,KimMunLaos-687_tobeafraid-1,kum³¹ȡa:³³,374,false,expert,,,,
KimMunLaos-688_tobeangry-1-1,KimMunLaos-688_tobeangry-1,si²¹,375,false,expert,,,,
KimMunLaos-622_tosleep-1-1,KimMunLaos-622_tosleep-1,fəj¹³,376,false,expert,,,,
KimMunLaos-689_tosnore-1-1,KimMunLaos-689_tosnore-1,da:n³¹,377,false,expert,,,,
KimMunLaos-690_todream-1-1,KimMunLaos-690_todream-1,bwe¹³,378,false,expert,,,,
KimMunLaos-469_medicine-1-1,KimMunLaos-469_medicine-1,maː¹¹,379,false,expert,,,,
KimMunLaos-691_toitch-1-1,KimMunLaos-691_toitch-1,sɛt³⁵,380,false,expert,,,,
KimMunLaos-692_toscratch-1-1,KimMunLaos-692_toscratch-1,ȵa:j³³,381,false,expert,,,,
KimMunLaos-693_toshiver-1-1,KimMunLaos-693_toshiver-1,sin¹³,382,false,expert,,,,
KimMunLaos-637_todie-1-1,KimMunLaos-637_todie-1,taj²¹,383,false,expert,,,,
KimMunLaos-694_ghost-1-1,KimMunLaos-694_ghost-1,ma:n¹¹,384,false,expert,,,,
KimMunLaos-623_tosit-1-1,KimMunLaos-623_tosit-1,θəj³⁴¹,385,false,expert,,,,
KimMunLaos-620_tostand-1-1,KimMunLaos-620_tostand-1,θow²¹,386,false,expert,,,,
KimMunLaos-695_tokneel-1-1,KimMunLaos-695_tokneel-1,kwe²¹,387,false,expert,,,,
KimMunLaos-613_towalk-1-1,KimMunLaos-613_towalk-1,ja:ŋ³¹,388,false,expert,,,,
KimMunLaos-696_tocrawl-1-1,KimMunLaos-696_tocrawl-1,ȵoŋ⁵³,389,false,expert,,,,
KimMunLaos-638_tocome-1-1,KimMunLaos-638_tocome-1,ta:j⁵³,390,false,expert,,,,
KimMunLaos-697_toenter-1-1,KimMunLaos-697_toenter-1,ȡa²¹,391,false,expert,,,,
KimMunLaos-627_toreturn-1-1,KimMunLaos-627_toreturn-1,fun³³da:ŋ⁵³,392,false,expert,,,,
KimMunLaos-698_topush-1-1,KimMunLaos-698_topush-1,ȵɔŋ¹¹,393,false,expert,,,,
KimMunLaos-628_topull-1-1,KimMunLaos-628_topull-1,dan¹³,394,false,expert,,,,
KimMunLaos-699_tokick-1-1,KimMunLaos-699_tokick-1,ti³³,395,false,expert,,,,
KimMunLaos-700_tothrow-1-1,KimMunLaos-700_tothrow-1,biw³⁵,396,false,expert,,,,
KimMunLaos-700_tothrow-2-1,KimMunLaos-700_tothrow-2,gwɛŋ²¹,397,false,expert,,,,
KimMunLaos-701_tofall-1-1,KimMunLaos-701_tofall-1,tuj⁵³,398,false,expert,,,,
KimMunLaos-616_toswim-1-1,KimMunLaos-616_toswim-1,kjo³¹wɔm⁵³,399,false,expert,,,,
KimMunLaos-631_togive-1-1,KimMunLaos-631_togive-1,fun⁵³,400,false,expert,,,,
KimMunLaos-702_totie-1-1,KimMunLaos-702_totie-1,θa:j³⁵,401,false,expert,,,,
KimMunLaos-703_towipe-1-1,KimMunLaos-703_towipe-1,θɔt³⁵,402,false,expert,,,,
KimMunLaos-704_tohit-1-1,KimMunLaos-704_tohit-1,pa:n¹³,403,false,expert,,,,
KimMunLaos-705_tosplit-1-1,KimMunLaos-705_tosplit-1,pa:j³⁵,404,false,expert,,,,
KimMunLaos-706_tocuthair-1-1,KimMunLaos-706_tocuthair-1,te³⁵pje³³,405,false,expert,,,,
KimMunLaos-707_tostab-1-1,KimMunLaos-707_tostab-1,lɔm³⁵,406,false,expert,,,,
KimMunLaos-708_togrind-1-1,KimMunLaos-708_togrind-1,ma:³¹,407,false,expert,,,,
KimMunLaos-710_todig-1-1,KimMunLaos-710_todig-1,wit⁵³,409,false,expert,,,,
KimMunLaos-711_toburyacorpse-1-1,KimMunLaos-711_toburyacorpse-1,θo³³,410,false,expert,,,,
KimMunLaos-712_todrysth-1-1,KimMunLaos-712_todrysth-1,fa:j³⁵,411,false,expert,,,,
KimMunLaos-713_topoundrice-1-1,KimMunLaos-713_topoundrice-1,ȶup³⁵məj¹¹,412,false,expert,,,,
KimMunLaos-715_toburn-1-1,KimMunLaos-715_toburn-1,pu³³,414,false,expert,,,,
KimMunLaos-716_towork-1-1,KimMunLaos-716_towork-1,aj³³guŋ³³po⁵³,416,false,expert,,,,
KimMunLaos-717_toplay-1-1,KimMunLaos-717_toplay-1,blan³³,417,false,expert,,,,
KimMunLaos-718_todance-1-1,KimMunLaos-718_todance-1,tiw³¹ȵa:¹¹,418,false,expert,,,,
KimMunLaos-719_toshoot-1-1,KimMunLaos-719_toshoot-1,fan³³,419,false,expert,,,,
KimMunLaos-720_tohunt-1-1,KimMunLaos-720_tohunt-1,niŋ³³kim³¹,420,false,expert,,,,
KimMunLaos-721_tofight-1-1,KimMunLaos-721_tofight-1,ȶɛŋ⁵³,421,false,expert,,,,
KimMunLaos-639_tobuy-1-1,KimMunLaos-639_tobuy-1,maj³⁴¹,422,false,expert,,,,
KimMunLaos-624_tosell-1-1,KimMunLaos-624_tosell-1,ma:j²¹,423,false,expert,,,,
KimMunLaos-722_toexchange-1-1,KimMunLaos-722_toexchange-1,tiŋ³¹wan²¹,424,false,expert,,,,
KimMunLaos-619_tosteal-1-1,KimMunLaos-619_tosteal-1,aj³³θa²¹,425,false,expert,,,,
KimMunLaos-723_todisappear-1-1,KimMunLaos-723_todisappear-1,ma³³sɛt³¹fa:n¹³,426,false,expert,,,,
KimMunLaos-351_1person-1-1,KimMunLaos-351_1person-1,a³³la:n³¹,427,false,expert,,,,
KimMunLaos-352_2persons-1-1,KimMunLaos-352_2persons-1,i³³la:n³¹,428,false,expert,,,,
KimMunLaos-353_3persons-1-1,KimMunLaos-353_3persons-1,pu⁵³la:n³¹,429,false,expert,,,,
KimMunLaos-354_4persons-1-1,KimMunLaos-354_4persons-1,pi⁵³la:n³¹,430,false,expert,,,,
KimMunLaos-355_5persons-1-1,KimMunLaos-355_5persons-1,pja⁵³la:n³¹,431,false,expert,,,,
KimMunLaos-356_6persons-1-1,KimMunLaos-356_6persons-1,kjo⁵³la:n³¹,432,false,expert,,,,
KimMunLaos-357_7persons-1-1,KimMunLaos-357_7persons-1,ȵi³¹la:n³¹,433,false,expert,,,,
KimMunLaos-358_8persons-1-1,KimMunLaos-358_8persons-1,jɛt³¹la:n³¹,434,false,expert,,,,
KimMunLaos-359_9persons-1-1,KimMunLaos-359_9persons-1,du³³la:n³¹,435,false,expert,,,,
KimMunLaos-360_10persons-1-1,KimMunLaos-360_10persons-1,sap³¹la:n³¹,436,false,expert,,,,
KimMunLaos-361_20persons-1-1,KimMunLaos-361_20persons-1,ȵi³¹sap³¹la:n³¹,437,false,expert,,,,
KimMunLaos-362_30persons-1-1,KimMunLaos-362_30persons-1,θam³³sap³¹la:n³¹,438,false,expert,,,,
KimMunLaos-363_40persons-1-1,KimMunLaos-363_40persons-1,θe³³sap³¹la:n³¹,439,false,expert,,,,
KimMunLaos-364_50persons-1-1,KimMunLaos-364_50persons-1,ŋo³⁴¹sap³¹la:n³¹,440,false,expert,,,,
KimMunLaos-365_60persons-1-1,KimMunLaos-365_60persons-1,gu³¹sap³¹la:n³¹,441,false,expert,,,,
KimMunLaos-366_70persons-1-1,KimMunLaos-366_70persons-1,ȶɛt³⁵sap³¹la:n³¹,442,false,expert,,,,
KimMunLaos-367_80persons-1-1,KimMunLaos-367_80persons-1,pit⁵³sap³¹la:n³¹,443,false,expert,,,,
KimMunLaos-368_90persons-1-1,KimMunLaos-368_90persons-1,ȶu³³sap³¹la:n³¹,444,false,expert,,,,
KimMunLaos-369_100persons-1-1,KimMunLaos-369_100persons-1,a³³pe⁵³la:n³¹,445,false,expert,,,,
KimMunLaos-370_1000persons-1-1,KimMunLaos-370_1000persons-1,a³³tin³⁵la:n³¹,446,false,expert,,,,
KimMunLaos-371_10000persons-1-1,KimMunLaos-371_10000persons-1,sap³¹tin³⁵la:n³¹,447,false,expert,,,,
KimMunLaos-372_100000persons-1-1,KimMunLaos-372_100000persons-1,a³³θe³³la:n³¹,448,false,expert,,,,
KimMunLaos-373_1000000persons-1-1,KimMunLaos-373_1000000persons-1,a³³lan³¹la:n³¹,449,false,expert,,,,
KimMunLaos-374_tobemany-1-1,KimMunLaos-374_tobemany-1,du³³la:n³¹,450,false,expert,,,,
KimMunLaos-375_all-1-1,KimMunLaos-375_all-1,θɔŋ³³ȡu³⁴¹,451,false,expert,,,,
KimMunLaos-376_some-1-1,KimMunLaos-376_some-1,ki⁵³kla:n³¹,452,false,expert,,,,
KimMunLaos-377_tobefew-1-1,KimMunLaos-377_tobefew-1,θɔ²¹,453,false,expert,,,,
KimMunLaos-378_halfaunit-1-1,KimMunLaos-378_halfaunit-1,a³³fa:n¹³,454,false,expert,,,,
KimMunLaos-251_tobebig-1-1,KimMunLaos-251_tobebig-1,lu³⁵,455,false,expert,,,,
KimMunLaos-252_tobesmall-1-1,KimMunLaos-252_tobesmall-1,kja:n⁵³,456,false,expert,,,,
KimMunLaos-253_tobelong-1-1,KimMunLaos-253_tobelong-1,da:w³³,457,false,expert,,,,
KimMunLaos-254_tobeshortlength-1-1,KimMunLaos-254_tobeshortlength-1,niŋ³³,458,false,expert,,,,
KimMunLaos-255_tobetall-1-1,KimMunLaos-255_tobetall-1,gjaŋ³⁵,459,false,expert,,,,
KimMunLaos-256_tobeshortheight-1-1,KimMunLaos-256_tobeshortheight-1,ha:³⁵,460,false,expert,,,,
KimMunLaos-257_tobethick-1-1,KimMunLaos-257_tobethick-1,hu³⁵,461,false,expert,,,,
KimMunLaos-258_tobethin-1-1,KimMunLaos-258_tobethin-1,fa²¹,462,false,expert,,,,
KimMunLaos-259_tobefat-1-1,KimMunLaos-259_tobefat-1,kun²¹,463,false,expert,,,,
KimMunLaos-260_tobewidebroad-1-1,KimMunLaos-260_tobewidebroad-1,gwaŋ³³,464,false,expert,,,,
KimMunLaos-261_tobenarrow-1-1,KimMunLaos-261_tobenarrow-1,ȡɛp³¹,465,false,expert,,,,
KimMunLaos-262_tobedeep-1-1,KimMunLaos-262_tobedeep-1,du⁵³,466,false,expert,,,,
KimMunLaos-263_tobeshallow-1-1,KimMunLaos-263_tobeshallow-1,gjaŋ³³,467,false,expert,,,,
KimMunLaos-264_toberound-1-1,KimMunLaos-264_toberound-1,klun³¹,468,false,expert,,,,
KimMunLaos-666_tobefull-2-1,KimMunLaos-666_tobefull-2,pɔŋ³³,469,false,expert,,,,
KimMunLaos-166_rightside-1-1,KimMunLaos-166_rightside-1,bjaw³¹fa:n¹³,470,false,expert,,,,
KimMunLaos-275_leftside-1-1,KimMunLaos-275_leftside-1,θaj³³fa:n¹³,471,false,expert,,,,
KimMunLaos-267_tobestraight-1-1,KimMunLaos-267_tobestraight-1,dɛŋ³¹,472,false,expert,,,,
KimMunLaos-267_tobestraight-2-1,KimMunLaos-267_tobestraight-2,saŋ¹³,473,false,expert,,,,
KimMunLaos-268_tobefar-1-1,KimMunLaos-268_tobefar-1,ku⁵³,474,false,expert,,,,
KimMunLaos-269_tobenear-1-1,KimMunLaos-269_tobenear-1,θat²¹,475,false,expert,,,,
KimMunLaos-276_this-1-1,KimMunLaos-276_this-1,ne³³,476,false,expert,,,,
KimMunLaos-277_that-1-1,KimMunLaos-277_that-1,wa:³³,477,false,expert,,,,
KimMunLaos-170_black-1-1,KimMunLaos-170_black-1,kja⁵³,478,false,expert,,,,
KimMunLaos-165_white-1-1,KimMunLaos-165_white-1,pɛ²¹,479,false,expert,,,,
KimMunLaos-167_red-1-1,KimMunLaos-167_red-1,θi³⁵,480,false,expert,,,,
KimMunLaos-168_green-1-1,KimMunLaos-168_green-1,mɛŋ⁵³,481,false,expert,,,,
KimMunLaos-171_yellow-1-1,KimMunLaos-171_yellow-1,wa:ŋ³¹,482,false,expert,,,,
KimMunLaos-173_tobedirty-1-1,KimMunLaos-173_tobedirty-1,klu³¹,483,false,expert,,,,
KimMunLaos-174_tobenew-1-1,KimMunLaos-174_tobenew-1,saŋ³⁵,484,false,expert,,,,
KimMunLaos-175_tobeold-1-1,KimMunLaos-175_tobeold-1,lu³³ȵaŋ⁵³,485,false,expert,,,,
KimMunLaos-176_tobedark-1-1,KimMunLaos-176_tobedark-1,ȡam²¹,486,false,expert,,,,
KimMunLaos-177_tobebright-1-1,KimMunLaos-177_tobebright-1,gwaŋ⁵³daŋ³⁵,487,false,expert,,,,
KimMunLaos-178_tobesweet-1-1,KimMunLaos-178_tobesweet-1,ka:m⁵³,488,false,expert,,,,
KimMunLaos-179_tobesour-1-1,KimMunLaos-179_tobesour-1,θuj³⁵,489,false,expert,,,,
KimMunLaos-180_tobebitter-1-1,KimMunLaos-180_tobebitter-1,im⁵³,490,false,expert,,,,
KimMunLaos-181_tobespicyhot-1-1,KimMunLaos-181_tobespicyhot-1,bja:t³¹,491,false,expert,,,,
KimMunLaos-184_tobedry-1-1,KimMunLaos-184_tobedry-1,ga:j³⁵,494,false,expert,,,,
KimMunLaos-185_tobewet-1-1,KimMunLaos-185_tobewet-1,dɔn⁵³,495,false,expert,,,,
KimMunLaos-186_tobehot-1-1,KimMunLaos-186_tobehot-1,kjom⁵³,496,false,expert,,,,
KimMunLaos-187_tobecold-1-1,KimMunLaos-187_tobecold-1,nam¹³,497,false,expert,,,,
KimMunLaos-188_tobesharp-1-1,KimMunLaos-188_tobesharp-1,gjaj²¹,498,false,expert,,,,
KimMunLaos-189_tobeblunt-1-1,KimMunLaos-189_tobeblunt-1,plun¹³,499,false,expert,,,,
KimMunLaos-190_tobeheavy-1-1,KimMunLaos-190_tobeheavy-1,ni¹¹,500,false,expert,,,,
KimMunLaos-191_tobehard-1-1,KimMunLaos-191_tobehard-1,ȵɛŋ³¹,501,false,expert,,,,
KimMunLaos-192_tobesmooth-1-1,KimMunLaos-192_tobesmooth-1,ðɛŋ³³ðo²¹,502,false,expert,,,,
KimMunLaos-193_tobefast-1-1,KimMunLaos-193_tobefast-1,kan³³,503,false,expert,,,,
KimMunLaos-194_tobeslow-1-1,KimMunLaos-194_tobeslow-1,man¹¹,504,false,expert,,,,
KimMunLaos-196_tobestrong-1-1,KimMunLaos-196_tobestrong-1,ȵɛŋ³³ga:ŋ³¹,505,false,expert,,,,
KimMunLaos-196_tobestrong-2-1,KimMunLaos-196_tobestrong-2,kjoŋ³³paŋ³⁵,506,false,expert,,,,
KimMunLaos-197_tobeweak-1-1,KimMunLaos-197_tobeweak-1,də.maj³³nup³⁵,507,false,expert,,,,
KimMunLaos-198_tobeblind-1-1,KimMunLaos-198_tobeblind-1,məj²¹bu¹¹,508,false,expert,,,,
KimMunLaos-199_tobedeaf-1-1,KimMunLaos-199_tobedeaf-1,mə.nɔm³¹duŋ⁵³,509,false,expert,,,,
KimMunLaos-200_bald-1-1,KimMunLaos-200_bald-1,pje³³ȡa:n³³,510,false,expert,,,,
KimMunLaos-201_naked-1-1,KimMunLaos-201_naked-1,ȶe³³blan⁵³,511,false,expert,,,,
KimMunLaos-202_tobegood-1-1,KimMunLaos-202_tobegood-1,gɔŋ¹³,512,false,expert,,,,
KimMunLaos-203_tobebad-1-1,KimMunLaos-203_tobebad-1,ma³¹gɔŋ¹³,513,false,expert,,,,
KimMunLaos-204_tobecorrect-1-1,KimMunLaos-204_tobecorrect-1,hɔ³³ȡo²¹,514,false,expert,,,,
KimMunLaos-205_tobewrong-1-1,KimMunLaos-205_tobewrong-1,pɛw³³,515,false,expert,,,,
KimMunLaos-206_warm-1-1,KimMunLaos-206_warm-1,kjom⁵³bɔŋ³¹,516,false,expert,,,,
KimMunLaos-169_cool-1-1,KimMunLaos-169_cool-1,θiŋ¹³,517,false,expert,,,,
KimMunLaos-207_difficult-1-1,KimMunLaos-207_difficult-1,ȶo²¹,518,false,expert,,,,
KimMunLaos-208_easy-1-1,KimMunLaos-208_easy-1,həj¹¹,519,false,expert,,,,
KimMunLaos-209_loose-1-1,KimMunLaos-209_loose-1,lɔm¹¹,520,false,expert,,,,
KimMunLaos-542_when-1-1,KimMunLaos-542_when-1,toj³¹nɔj³⁵,521,false,expert,,,,
KimMunLaos-543_where-1-1,KimMunLaos-543_where-1,jam⁵³ti¹³,522,false,expert,,,,
KimMunLaos-544_who-1-1,KimMunLaos-544_who-1,man³⁵,523,false,expert,,,,
KimMunLaos-545_what-1-1,KimMunLaos-545_what-1,ȵin³⁴¹to³⁵,524,false,expert,,,,
KimMunLaos-546_howmany-1-1,KimMunLaos-546_howmany-1,bu³¹la:j³⁵,525,false,expert,,,,
KimMunLaocai-35_ant-1-1,KimMunLaocai-35_ant-1,θɐw³³,526,false,expert,,,,
KimMunLaocai-46_bat-1-1,KimMunLaocai-46_bat-1,klɐ.buj⁵²,527,false,expert,,,,
KimMunLaocai-1_bear-1-1,KimMunLaocai-1_bear-1,kjɐp³³,528,false,expert,,,,
KimMunLaocai-12_bee-1-1,KimMunLaocai-12_bee-1,mɐj³⁴¹muŋ⁴⁴,529,false,expert,,,,
KimMunLaocai-13_bird-1-1,KimMunLaocai-13_bird-1,nɔ³³,530,false,expert,,,,
KimMunLaocai-14_buffalo-1-1,KimMunLaocai-14_buffalo-1,ŋɔŋ¹¹,531,false,expert,,,,
KimMunLaocai-15_cat-1-1,KimMunLaocai-15_cat-1,ma:w¹¹,532,false,expert,,,,
KimMunLaocai-57_caterpillar-1-1,KimMunLaocai-57_caterpillar-1,buŋ³³blɐw³⁴¹,533,false,expert,,,,
KimMunLaocai-65_centipede-1-1,KimMunLaocai-65_centipede-1,θap⁵²,534,false,expert,,,,
KimMunLaocai-66_chickencock-1-1,KimMunLaocai-66_chickencock-1,ȶɐj²¹⁴kɔŋ³¹,535,false,expert,,,,
KimMunLaocai-67_chickenhen-1-1,KimMunLaocai-67_chickenhen-1,⁣ȶɐj²¹⁴ȵɐj³⁴¹,536,false,expert,,,,
KimMunLaocai-16_chicken-1-1,KimMunLaocai-16_chicken-1,ȶɐj²¹⁴,537,false,expert,,,,
KimMunLaocai-68_cowox-1-1,KimMunLaocai-68_cowox-1,ŋɔ¹¹wa:ŋ¹¹,538,false,expert,,,,
KimMunLaocai-69_crab-1-1,KimMunLaocai-69_crab-1,kjɐm³⁵ȵaj²¹⁴,539,false,expert,,,,
KimMunLaocai-70_cricket-1-1,KimMunLaocai-70_cricket-1,kjɛŋ²¹⁴kjo³¹,540,false,expert,,,,
KimMunLaocai-36_crow-1-1,KimMunLaocai-36_crow-1,ku.a:³¹,541,false,expert,,,,
KimMunLaocai-37_barkingdeer-1-1,KimMunLaocai-37_barkingdeer-1,ȶuŋ²¹⁴,542,false,expert,,,,
KimMunLaocai-38_sambardeer-1-1,KimMunLaocai-38_sambardeer-1,ki¹¹juŋ¹¹,543,false,expert,,,,
KimMunLaocai-17_dog-1-1,KimMunLaocai-17_dog-1,klu⁴⁴,544,false,expert,,,,
KimMunLaocai-39_dragon-1-1,KimMunLaocai-39_dragon-1,kuŋ²¹⁴,545,false,expert,,,,
KimMunLaocai-40_dragonfly-1-1,KimMunLaocai-40_dragonfly-1,kjɛŋ²¹⁴nuŋ⁴⁴,546,false,expert,,,,
KimMunLaocai-41_duck1-1-1,KimMunLaocai-41_duck1-1,a:p¹¹,547,false,expert,,,,
KimMunLaocai-43_eagle-1-1,KimMunLaocai-43_eagle-1,kla:ŋ⁴⁴,549,false,expert,,,,
KimMunLaocai-18_fish-1-1,KimMunLaocai-18_fish-1,bjaw³⁴¹,550,false,expert,,,,
KimMunLaocai-44_flea-1-1,KimMunLaocai-44_flea-1,klɐ.muŋ⁵²,551,false,expert,,,,
KimMunLaocai-19_fly-1-1,KimMunLaocai-19_fly-1,kjɛŋ²¹⁴gjɐm⁵²,552,false,expert,,,,
KimMunLaocai-2_frog-1-1,KimMunLaocai-2_frog-1,ȶɛŋ⁴⁴,553,false,expert,,,,
KimMunLaocai-45_goat-1-1,KimMunLaocai-45_goat-1,juŋ¹¹,554,false,expert,,,,
KimMunLaocai-47_grasshopper-1-1,KimMunLaocai-47_grasshopper-1,kjɛŋ²¹⁴bo³¹,555,false,expert,,,,
KimMunLaocai-48_horse-1-1,KimMunLaocai-48_horse-1,ma³⁴¹,556,false,expert,,,,
KimMunLaocai-49_insect-1-1,KimMunLaocai-49_insect-1,kjɛŋ²¹⁴,557,false,expert,,,,
KimMunLaocai-50_leechdry-1-1,KimMunLaocai-50_leechdry-1,kjɐm²¹⁴,558,false,expert,,,,
KimMunLaocai-51_leechwet-1-1,KimMunLaocai-51_leechwet-1,ma¹¹wa:ŋ¹¹,559,false,expert,,,,
KimMunLaocai-52_lizard-1-1,KimMunLaocai-52_lizard-1,bɐ.koŋ¹¹sa:⁵²,560,false,expert,,,,
KimMunLaocai-53_lousehead-1-1,KimMunLaocai-53_lousehead-1,θɐj³³,561,false,expert,,,,
KimMunLaocai-3_monkey-1-1,KimMunLaocai-3_monkey-1,biŋ²¹⁴,562,false,expert,,,,
KimMunLaocai-4_mosquito-1-1,KimMunLaocai-4_mosquito-1,kjɛŋ²¹⁴,563,false,expert,,,,
KimMunLaocai-5_pig-1-1,KimMunLaocai-5_pig-1,tuŋ³¹,564,false,expert,,,,
KimMunLaocai-54_bore-1-1,KimMunLaocai-54_bore-1,tuŋ³¹kɐw⁴⁴,565,false,expert,,,,
KimMunLaocai-55_piglet-1-1,KimMunLaocai-55_piglet-1,tuŋ³¹kjɐn²¹⁴,566,false,expert,,,,
KimMunLaocai-56_pigsow-1-1,KimMunLaocai-56_pigsow-1,tuŋ³¹kjan³⁵,567,false,expert,,,,
KimMunLaocai-58_rat-1-1,KimMunLaocai-58_rat-1,du²¹⁴,568,false,expert,,,,
KimMunLaocai-59_shrimp-1-1,KimMunLaocai-59_shrimp-1,ȶa³¹kɔŋ²¹⁴,569,false,expert,,,,
KimMunLaocai-6_snail-1-1,KimMunLaocai-6_snail-1,kwɐj²¹⁴,570,false,expert,,,,
KimMunLaocai-7_snake-1-1,KimMunLaocai-7_snake-1,na:ŋ²¹⁴,571,false,expert,,,,
KimMunLaocai-60_sparrow-1-1,KimMunLaocai-60_sparrow-1,nɔ³³kɐj³³,572,false,expert,,,,
KimMunLaocai-8_spider-1-1,KimMunLaocai-8_spider-1,kjɛŋ²¹⁴ȵa:⁴⁴,573,false,expert,,,,
KimMunLaocai-9_tiger-1-1,KimMunLaocai-9_tiger-1,gja:n¹¹,574,false,expert,,,,
KimMunLaocai-10_turtle-1-1,KimMunLaocai-10_turtle-1,pit³¹,575,false,expert,,,,
KimMunLaocai-61_wasp-1-1,KimMunLaocai-61_wasp-1,mɐj³⁴¹,576,false,expert,,,,
KimMunLaocai-62_weasel-1-1,KimMunLaocai-62_weasel-1,kin¹¹ma:w¹¹,577,false,expert,,,,
KimMunLaocai-11_earthworm-1-1,KimMunLaocai-11_earthworm-1,nuŋ¹¹naŋ²¹⁴,578,false,expert,,,,
KimMunLaocai-138_arm-1-1,KimMunLaocai-138_arm-1,pu.θe⁵²,581,false,expert,,,,
KimMunLaocai-89_back-1-1,KimMunLaocai-89_back-1,kɐ.tan⁴⁴kaŋ²¹⁴,582,false,expert,,,,
KimMunLaocai-90_beard-1-1,KimMunLaocai-90_beard-1,θɔm⁵²,583,false,expert,,,,
KimMunLaocai-139_belly-1-1,KimMunLaocai-139_belly-1,ȵo³³,584,false,expert,,,,
KimMunLaocai-91_blood-1-1,KimMunLaocai-91_blood-1,θa:m³³,585,false,expert,,,,
KimMunLaocai-140_body-1-1,KimMunLaocai-140_body-1,θin⁵²,586,false,expert,,,,
KimMunLaocai-92_bone-1-1,KimMunLaocai-92_bone-1,θuŋ⁴⁴,587,false,expert,,,,
KimMunLaocai-93_brain-1-1,KimMunLaocai-93_brain-1,pi⁴⁴le⁴⁴,588,false,expert,,,,
KimMunLaocai-141_butt-1-1,KimMunLaocai-141_butt-1,kɐ.tlaj⁴⁴kɐ⁵²,589,false,expert,,,,
KimMunLaocai-142_chest-1-1,KimMunLaocai-142_chest-1,kɐ.lap³¹,590,false,expert,,,,
KimMunLaocai-143_cockcmbi-1-1,KimMunLaocai-143_cockcmbi-1,gɐn²¹⁴,591,false,expert,,,,
KimMunLaocai-144_corpse-1-1,KimMunLaocai-144_corpse-1,mun¹¹tɐj³³,592,false,expert,,,,
KimMunLaocai-145_ears-1-1,KimMunLaocai-145_ears-1,mɐ.nɔm¹¹,593,false,expert,,,,
KimMunLaocai-94_egg-1-1,KimMunLaocai-94_egg-1,kjaw³⁵,594,false,expert,,,,
KimMunLaocai-95_eye-1-1,KimMunLaocai-95_eye-1,mɐj³³,595,false,expert,,,,
KimMunLaocai-146_eyebrows-1-1,KimMunLaocai-146_eyebrows-1,mɐj³³ma:j³¹,596,false,expert,,,,
KimMunLaocai-96_face-1-1,KimMunLaocai-96_face-1,min⁵²,597,false,expert,,,,
KimMunLaocai-97_excrement-1-1,KimMunLaocai-97_excrement-1,dɐj⁴⁴,598,false,expert,,,,
KimMunLaocai-98_finger-1-1,KimMunLaocai-98_finger-1,pu.dɔ³¹,599,false,expert,,,,
KimMunLaocai-99_fingernail-1-1,KimMunLaocai-99_fingernail-1,pu.dɔ³¹waj³⁵,600,false,expert,,,,
KimMunLaocai-147_footsurface-1-1,KimMunLaocai-147_footsurface-1,θaw³⁵pen⁴⁴,601,false,expert,,,,
KimMunLaocai-148_hairofbody-1-1,KimMunLaocai-148_hairofbody-1,pje²¹⁴,602,false,expert,,,,
KimMunLaocai-150_hairofhead-1-1,KimMunLaocai-150_hairofhead-1,pi³³dɔŋ²¹⁴,604,false,expert,,,,
KimMunLaocai-100_hand-1-1,KimMunLaocai-100_hand-1,pu.pen⁴⁴,605,false,expert,,,,
KimMunLaocai-101_head-1-1,KimMunLaocai-101_head-1,pje⁴⁴,606,false,expert,,,,
KimMunLaocai-102_heart-1-1,KimMunLaocai-102_heart-1,θin²¹⁴taw³¹,607,false,expert,,,,
KimMunLaocai-151_hip-1-1,KimMunLaocai-151_hip-1,kɐ.tlaj⁴⁴tuj⁴⁴,608,false,expert,,,,
KimMunLaocai-77_hoof-1-1,KimMunLaocai-77_hoof-1,θaw³⁵dɔ³¹waj³⁵,609,false,expert,,,,
KimMunLaocai-73_horn-1-1,KimMunLaocai-73_horn-1,kjɔŋ²¹⁴,610,false,expert,,,,
KimMunLaocai-152_intestine-1-1,KimMunLaocai-152_intestine-1,kla:ŋ¹¹,611,false,expert,,,,
KimMunLaocai-103_leg-1-1,KimMunLaocai-103_leg-1,θaw³⁵,612,false,expert,,,,
KimMunLaocai-104_liver-1-1,KimMunLaocai-104_liver-1,gjɐn⁵²,613,false,expert,,,,
KimMunLaocai-105_lungs-1-1,KimMunLaocai-105_lungs-1,klum⁵²,614,false,expert,,,,
KimMunLaocai-74_milk-1-1,KimMunLaocai-74_milk-1,nu⁴⁴,615,false,expert,,,,
KimMunLaocai-106_mouth-1-1,KimMunLaocai-106_mouth-1,ȡɐt³³,616,false,expert,,,,
KimMunLaocai-153_mucus-1-1,KimMunLaocai-153_mucus-1,blut³³,617,false,expert,,,,
KimMunLaocai-154_neck-1-1,KimMunLaocai-154_neck-1,kla:ŋ²¹⁴,618,false,expert,,,,
KimMunLaocai-155_nest-1-1,KimMunLaocai-155_nest-1,gjaw³⁴¹,619,false,expert,,,,
KimMunLaocai-107_nose-1-1,KimMunLaocai-107_nose-1,pu.ȶɔŋ²¹⁴,620,false,expert,,,,
KimMunLaocai-108_pus-1-1,KimMunLaocai-108_pus-1,nuŋ³³,621,false,expert,,,,
KimMunLaocai-156_ribs-1-1,KimMunLaocai-156_ribs-1,ȵɔ¹¹tam⁴⁴θuŋ⁴⁴,622,false,expert,,,,
KimMunLaocai-109_saliva-1-1,KimMunLaocai-109_saliva-1,ȡaːn¹¹,623,false,expert,,,,
KimMunLaocai-157_shoulder-1-1,KimMunLaocai-157_shoulder-1,pɐ.taw¹¹,624,false,expert,,,,
KimMunLaocai-110_skin-1-1,KimMunLaocai-110_skin-1,tɐ.dup³¹,625,false,expert,,,,
KimMunLaocai-111_tail-1-1,KimMunLaocai-111_tail-1,tɐj⁴⁴,626,false,expert,,,,
KimMunLaocai-158_tears-1-1,KimMunLaocai-158_tears-1,mɐj³³wɐm²¹⁴,627,false,expert,,,,
KimMunLaocai-112_thigh-1-1,KimMunLaocai-112_thigh-1,θaw³⁵bɔŋ³⁵,628,false,expert,,,,
KimMunLaocai-159_toe-1-1,KimMunLaocai-159_toe-1,θaw³⁵dɔ³¹,629,false,expert,,,,
KimMunLaocai-113_tongue-1-1,KimMunLaocai-113_tongue-1,bjɐt³³,630,false,expert,,,,
KimMunLaocai-160_tusk-1-1,KimMunLaocai-160_tusk-1,ȵa:¹¹,631,false,expert,,,,
KimMunLaocai-161_boilulcer-1-1,KimMunLaocai-161_boilulcer-1,bew³⁴¹,632,false,expert,,,,
KimMunLaocai-114_urine-1-1,KimMunLaocai-114_urine-1,wa³⁴¹,633,false,expert,,,,
KimMunLaocai-162_waist-1-1,KimMunLaocai-162_waist-1,kla:j⁴⁴,634,false,expert,,,,
KimMunLaocai-342_bankriver-1-1,KimMunLaocai-342_bankriver-1,wɐm²¹⁴sin³¹,638,false,expert,,,,
KimMunLaocai-292_cave-1-1,KimMunLaocai-292_cave-1,ȶɔ.bɛŋ³¹kɔt³⁵,639,false,expert,,,,
KimMunLaocai-293_cliff-1-1,KimMunLaocai-293_cliff-1,gjaw²¹⁴pje³¹,640,false,expert,,,,
KimMunLaocai-294_cloud-1-1,KimMunLaocai-294_cloud-1,vɐn¹³,641,false,expert,,,,
KimMunLaocai-343_copper-1-1,KimMunLaocai-343_copper-1,tɔŋ¹¹,642,false,expert,,,,
KimMunLaocai-344_ditch-1-1,KimMunLaocai-344_ditch-1,θin³⁵wɐm²¹⁴,643,false,expert,,,,
KimMunLaocai-345_earth-1-1,KimMunLaocai-345_earth-1,ni⁵²,644,false,expert,,,,
KimMunLaocai-346_fog-1-1,KimMunLaocai-346_fog-1,kja:³⁵,645,false,expert,,,,
KimMunLaocai-457_forest-1-1,KimMunLaocai-457_forest-1,kim¹¹,646,false,expert,,,,
KimMunLaocai-295_gold-1-1,KimMunLaocai-295_gold-1,sɐm²¹⁴,647,false,expert,,,,
KimMunLaocai-296_iron-1-1,KimMunLaocai-296_iron-1,gja:⁵²,648,false,expert,,,,
KimMunLaocai-347_lightening-1-1,KimMunLaocai-347_lightening-1,buŋ³³bit³¹to⁵²,649,false,expert,,,,
KimMunLaocai-297_mountain-1-1,KimMunLaocai-297_mountain-1,ȶɔŋ²¹⁴,650,false,expert,,,,
KimMunLaocai-298_mud-1-1,KimMunLaocai-298_mud-1,pa:m³³,651,false,expert,,,,
KimMunLaocai-348_pond-1-1,KimMunLaocai-348_pond-1,bjaw³⁴¹kla:ŋ¹¹,652,false,expert,,,,
KimMunLaocai-299_rain-1-1,KimMunLaocai-299_rain-1,buŋ³³lu⁵²,653,false,expert,,,,
KimMunLaocai-300_river-1-1,KimMunLaocai-300_river-1,kɔj³³,654,false,expert,,,,
KimMunLaocai-458_salt-1-1,KimMunLaocai-458_salt-1,da:w³³,655,false,expert,,,,
KimMunLaocai-301_sand-1-1,KimMunLaocai-301_sand-1,gjaw²¹⁴θa:j²¹⁴,656,false,expert,,,,
KimMunLaocai-302_silver-1-1,KimMunLaocai-302_silver-1,ȵa:n¹¹,657,false,expert,,,,
KimMunLaocai-303_sky-1-1,KimMunLaocai-303_sky-1,guŋ¹¹,658,false,expert,,,,
KimMunLaocai-304_stone-1-1,KimMunLaocai-304_stone-1,gjaw²¹⁴,659,false,expert,,,,
KimMunLaocai-305_sun-1-1,KimMunLaocai-305_sun-1,mɐ.nɔj⁵²,660,false,expert,,,,
KimMunLaocai-349_sunshine-1-1,KimMunLaocai-349_sunshine-1,guŋ¹¹kjɔm²¹⁴,661,false,expert,,,,
KimMunLaocai-306_thunder-1-1,KimMunLaocai-306_thunder-1,bu.kɔŋ²¹⁴,662,false,expert,,,,
KimMunLaocai-307_water-1-1,KimMunLaocai-307_water-1,wɐm²¹⁴,663,false,expert,,,,
KimMunLaocai-308_wind-1-1,KimMunLaocai-308_wind-1,ȡa:w³⁵,664,false,expert,,,,
KimMunLaocai-459_banana-1-1,KimMunLaocai-459_banana-1,kum¹¹ȶaw³⁴¹,666,false,expert,,,,
KimMunLaocai-519_bananaflower-1-1,KimMunLaocai-519_bananaflower-1,kɐ.ȡu²¹⁴,667,false,expert,,,,
KimMunLaocai-520_bananaleaf-1-1,KimMunLaocai-520_bananaleaf-1,θiw¹¹nɔm³¹,668,false,expert,,,,
KimMunLaocai-460_bean-1-1,KimMunLaocai-460_bean-1,tɔp³³,669,false,expert,,,,
KimMunLaocai-521_cabbage-1-1,KimMunLaocai-521_cabbage-1,ȵe¹¹gjaj³⁵,670,false,expert,,,,
KimMunLaocai-522_chilipepper-1-1,KimMunLaocai-522_chilipepper-1,duŋ³³ma:t³³,671,false,expert,,,,
KimMunLaocai-523_cogongrass-1-1,KimMunLaocai-523_cogongrass-1,ga:n²¹⁴,672,false,expert,,,,
KimMunLaocai-524_corn-1-1,KimMunLaocai-524_corn-1,buŋ³³mɐj³⁴¹,673,false,expert,,,,
KimMunLaocai-525_cotton-1-1,KimMunLaocai-525_cotton-1,buj³³min³¹,674,false,expert,,,,
KimMunLaocai-461_cucumber-1-1,KimMunLaocai-461_cucumber-1,kwa²¹⁴kjo³¹,675,false,expert,,,,
KimMunLaocai-462_eggplant-1-1,KimMunLaocai-462_eggplant-1,kɐ.taŋ⁴⁴,676,false,expert,,,,
KimMunLaocai-463_fat-1-1,KimMunLaocai-463_fat-1,mɐj⁵²,677,false,expert,,,,
KimMunLaocai-464_flower-1-1,KimMunLaocai-464_flower-1,faŋ¹¹,678,false,expert,,,,
KimMunLaocai-465_fruit-1-1,KimMunLaocai-465_fruit-1,pjo⁴⁴,679,false,expert,,,,
KimMunLaocai-466_garlic-1-1,KimMunLaocai-466_garlic-1,tun⁵²,680,false,expert,,,,
KimMunLaocai-467_grass-1-1,KimMunLaocai-467_grass-1,ma:³³,681,false,expert,,,,
KimMunLaocai-526_indigo-1-1,KimMunLaocai-526_indigo-1,gam¹¹,682,false,expert,,,,
KimMunLaocai-468_leaf-1-1,KimMunLaocai-468_leaf-1,nɔm¹¹,683,false,expert,,,,
KimMunLaocai-469_medicine-1-1,KimMunLaocai-469_medicine-1,ma:³³,684,false,expert,,,,
KimMunLaocai-527_melon-1-1,KimMunLaocai-527_melon-1,kwa²¹⁴,685,false,expert,,,,
KimMunLaocai-470_mushroom-1-1,KimMunLaocai-470_mushroom-1,so²¹⁴,686,false,expert,,,,
KimMunLaocai-471_pumpkin-1-1,KimMunLaocai-471_pumpkin-1,kjɛŋ¹¹kwa²¹⁴waŋ³¹,687,false,expert,,,,
KimMunLaocai-528_rice-1-1,KimMunLaocai-528_rice-1,blaw¹¹,688,false,expert,,,,
KimMunLaocai-529_riceglutinous-1-1,KimMunLaocai-529_riceglutinous-1,me³³blɐt³³,689,false,expert,,,,
KimMunLaocai-530_ricegrilled-1-1,KimMunLaocai-530_ricegrilled-1,me³³ȶaw³³,690,false,expert,,,,
KimMunLaocai-531_porridge-1-1,KimMunLaocai-531_porridge-1,naŋ³¹su³⁵,691,false,expert,,,,
KimMunLaocai-532_ricedgiwav-1-1,KimMunLaocai-532_ricedgiwav-1,sɔŋ³⁵,692,false,expert,,,,
KimMunLaocai-533_ricespike-1-1,KimMunLaocai-533_ricespike-1,nin⁴⁴bla:w³¹,693,false,expert,,,,
KimMunLaocai-534_soup-1-1,KimMunLaocai-534_soup-1,je³³wɐm²¹⁴,694,false,expert,,,,
KimMunLaocai-472_sugarcane-1-1,KimMunLaocai-472_sugarcane-1,ku¹¹sa:³⁵,695,false,expert,,,,
KimMunLaocai-473_taro-1-1,KimMunLaocai-473_taro-1,ho³³bu³³,696,false,expert,,,,
KimMunLaocai-474_thorn-1-1,KimMunLaocai-474_thorn-1,ȡim⁴⁴,697,false,expert,,,,
KimMunLaocai-535_tobacco-1-1,KimMunLaocai-535_tobacco-1,jin³¹ȶaj³⁴¹,698,false,expert,,,,
KimMunLaocai-475_tree-1-1,KimMunLaocai-475_tree-1,gja:ŋ³⁵,699,false,expert,,,,
KimMunLaocai-536_treetrunk-1-1,KimMunLaocai-536_treetrunk-1,gjaŋ³⁵θin⁵²,700,false,expert,,,,
KimMunLaocai-537_vegetable-1-1,KimMunLaocai-537_vegetable-1,gjɐj²¹⁴,701,false,expert,,,,
KimMunLaocai-538_winealcohol-1-1,KimMunLaocai-538_winealcohol-1,tiw⁴⁴,702,false,expert,,,,
KimMunLaocai-163_dream-1-1,KimMunLaocai-163_dream-1,be³⁵,707,false,expert,,,,
KimMunLaocai-405_name-1-1,KimMunLaocai-405_name-1,bu³⁵,708,false,expert,,,,
KimMunLaocai-164_price-1-1,KimMunLaocai-164_price-1,pɐ.laj⁵²,709,false,expert,,,,
KimMunLaocai-556_afternoon-1-1,KimMunLaocai-556_afternoon-1,kaj³³ȡam³⁵,710,false,expert,,,,
KimMunLaocai-547_day-1-1,KimMunLaocai-547_day-1,mɐ.nɔj⁵²ȶa:³⁵,711,false,expert,,,,
KimMunLaocai-557_evening-1-1,KimMunLaocai-557_evening-1,ȡa:m³³,712,false,expert,,,,
KimMunLaocai-558_midday-1-1,KimMunLaocai-558_midday-1,mɐ.nɔj⁵²ȶa:³⁵,713,false,expert,,,,
KimMunLaocai-309_moon-1-1,KimMunLaocai-309_moon-1,la:⁴⁴,714,false,expert,,,,
KimMunLaocai-548_morning-1-1,KimMunLaocai-548_morning-1,bɐ.tɔm²¹⁴gjo³¹,715,false,expert,,,,
KimMunLaocai-549_night-1-1,KimMunLaocai-549_night-1,ȡa:m³³,716,false,expert,,,,
KimMunLaocai-550_year-1-1,KimMunLaocai-550_year-1,ȵaŋ⁵²,717,false,expert,,,,
KimMunLaocai-428_ancestor-1-1,KimMunLaocai-428_ancestor-1,θɐm¹¹sɐw⁴⁴,719,false,expert,,,,
KimMunLaocai-429_bride-1-1,KimMunLaocai-429_bride-1,ȵɑm²¹⁴,720,false,expert,,,,
KimMunLaocai-430_obrother-1-1,KimMunLaocai-430_obrother-1,tɑ¹¹,721,false,expert,,,,
KimMunLaocai-431_ybrother-1-1,KimMunLaocai-431_ybrother-1,jo³⁴¹,722,false,expert,,,,
KimMunLaocai-406_child-1-1,KimMunLaocai-406_child-1,mun¹¹sɐj⁴⁴,723,false,expert,,,,
KimMunLaocai-432_daughter-1-1,KimMunLaocai-432_daughter-1,mun¹¹sɑ⁵²,724,false,expert,,,,
KimMunLaocai-433_descendant-1-1,KimMunLaocai-433_descendant-1,se⁴⁴θun²¹⁴,725,false,expert,,,,
KimMunLaocai-434_fathersolderbrother-1-1,KimMunLaocai-434_fathersolderbrother-1,pɛ²¹⁴,726,false,expert,,,,
KimMunLaocai-435_fathersyoungerbrother-1-1,KimMunLaocai-435_fathersyoungerbrother-1,jo³⁴¹,727,false,expert,,,,
KimMunLaocai-436_grandfather-1-1,KimMunLaocai-436_grandfather-1,klɑw³⁴¹,728,false,expert,,,,
KimMunLaocai-437_grandmother-1-1,KimMunLaocai-437_grandmother-1,bo³⁴¹,729,false,expert,,,,
KimMunLaocai-438_groom-1-1,KimMunLaocai-438_groom-1,lɑŋ¹¹,730,false,expert,,,,
KimMunLaocai-439_guest-1-1,KimMunLaocai-439_guest-1,ȶɛ⁵²,731,false,expert,,,,
KimMunLaocai-440_hostowner-1-1,KimMunLaocai-440_hostowner-1,pjɑw³¹mun³¹,732,false,expert,,,,
KimMunLaocai-407_husband-1-1,KimMunLaocai-407_husband-1,fɑ⁴⁴,733,false,expert,,,,
KimMunLaocai-441_lover-1-1,KimMunLaocai-441_lover-1,mun¹¹ɔj³⁵,734,false,expert,,,,
KimMunLaocai-408_man-1-1,KimMunLaocai-408_man-1,mun¹¹fɑ⁴⁴,735,false,expert,,,,
KimMunLaocai-442_mothersbrother-1-1,KimMunLaocai-442_mothersbrother-1,nɑw³⁴¹,736,false,expert,,,,
KimMunLaocai-443_mothersmother-1-1,KimMunLaocai-443_mothersmother-1,di⁴⁴,737,false,expert,,,,
KimMunLaocai-409_mother-1-1,KimMunLaocai-409_mother-1,ȡi³⁴¹,738,false,expert,,,,
KimMunLaocai-444_motherssister-1-1,KimMunLaocai-444_motherssister-1,ȶu¹¹,739,false,expert,,,,
KimMunLaocai-445_osister-1-1,KimMunLaocai-445_osister-1,o³⁴¹,740,false,expert,,,,
KimMunLaocai-446_ysister-1-1,KimMunLaocai-446_ysister-1,mu³³,741,false,expert,,,,
KimMunLaocai-447_son-1-1,KimMunLaocai-447_son-1,mun¹¹tɔn²¹⁴,742,false,expert,,,,
KimMunLaocai-410_widow-1-1,KimMunLaocai-410_widow-1,gjɐm³³fɑ⁴⁴ɑw⁴⁴,743,false,expert,,,,
KimMunLaocai-411_wife-1-1,KimMunLaocai-411_wife-1,ɑw⁴⁴,744,false,expert,,,,
KimMunLaocai-403_woman-1-1,KimMunLaocai-403_woman-1,mun¹¹ȡi³⁴¹,745,false,expert,,,,
KimMunLaocai-81_blouse-1-1,KimMunLaocai-81_blouse-1,gjɐm⁴⁴,750,false,expert,,,,
KimMunLaocai-82_bracelet-1-1,KimMunLaocai-82_bracelet-1,sɑm¹¹,751,false,expert,,,,
KimMunLaocai-83_cloth-1-1,KimMunLaocai-83_cloth-1,buj³⁵,752,false,expert,,,,
KimMunLaocai-78_clothing-1-1,KimMunLaocai-78_clothing-1,ŋuj²¹⁴kwɑ⁵²,753,false,expert,,,,
KimMunLaocai-559_comb-1-1,KimMunLaocai-559_comb-1,ȶɑ²¹⁴,754,false,expert,,,,
KimMunLaocai-84_earring-1-1,KimMunLaocai-84_earring-1,bin⁵²,755,false,expert,,,,
KimMunLaocai-560_needle-1-1,KimMunLaocai-560_needle-1,θim⁵²,756,false,expert,,,,
KimMunLaocai-85_ring-1-1,KimMunLaocai-85_ring-1,pu.dɔ¹¹kwin⁵²,757,false,expert,,,,
KimMunLaocai-86_shirttunic-1-1,KimMunLaocai-86_shirttunic-1,guj²¹⁴,758,false,expert,,,,
KimMunLaocai-87_skirt-1-1,KimMunLaocai-87_skirt-1,ȶun¹¹,759,false,expert,,,,
KimMunLaocai-88_thread-1-1,KimMunLaocai-88_thread-1,θuj⁵²,760,false,expert,,,,
KimMunLaocai-79_trousers-1-1,KimMunLaocai-79_trousers-1,kwɑ⁵²,761,false,expert,,,,
KimMunLaocai-581_awl-1-1,KimMunLaocai-581_awl-1,θun²¹⁴,762,false,expert,,,,
KimMunLaocai-561_axe-1-1,KimMunLaocai-561_axe-1,pɐw⁴⁴,763,false,expert,,,,
KimMunLaocai-582_bag-1-1,KimMunLaocai-582_bag-1,ti³³,764,false,expert,,,,
KimMunLaocai-583_basketi-1-1,KimMunLaocai-583_basketi-1,gjɑŋ¹¹mɑw³¹,765,false,expert,,,,
KimMunLaocai-584_basketri-1-1,KimMunLaocai-584_basketri-1,gjɐm³⁴¹,766,false,expert,,,,
KimMunLaocai-585_basketwi-1-1,KimMunLaocai-585_basketwi-1,sɑŋ⁵²,767,false,expert,,,,
KimMunLaocai-562_bowl-1-1,KimMunLaocai-562_bowl-1,wɐn⁴⁴,768,false,expert,,,,
KimMunLaocai-563_chopsticks-1-1,KimMunLaocai-563_chopsticks-1,ȶɐw³³,769,false,expert,,,,
KimMunLaocai-290_fire-1-1,KimMunLaocai-290_fire-1,tɐw³¹,770,false,expert,,,,
KimMunLaocai-586_firetongs-1-1,KimMunLaocai-586_firetongs-1,pja⁴⁴,771,false,expert,,,,
KimMunLaocai-587_fishnet-1-1,KimMunLaocai-587_fishnet-1,lɛ³³,772,false,expert,,,,
KimMunLaocai-564_hammer-1-1,KimMunLaocai-564_hammer-1,pɐw⁴⁴,773,false,expert,,,,
KimMunLaocai-588_harrow-1-1,KimMunLaocai-588_harrow-1,tuŋ¹¹pa¹¹,774,false,expert,,,,
KimMunLaocai-589_hoe-1-1,KimMunLaocai-589_hoe-1,ȵɛw²¹⁴,775,false,expert,,,,
KimMunLaocai-565_knife-1-1,KimMunLaocai-565_knife-1,ȡu³³,776,false,expert,,,,
KimMunLaocai-590_masher-1-1,KimMunLaocai-590_masher-1,kum³³so⁵²,777,false,expert,,,,
KimMunLaocai-591_plane-1-1,KimMunLaocai-591_plane-1,tuŋ¹¹pɑw³³,778,false,expert,,,,
KimMunLaocai-592_plow-1-1,KimMunLaocai-592_plow-1,tuŋ¹¹kjɑj¹¹,779,false,expert,,,,
KimMunLaocai-593_carryingpole-1-1,KimMunLaocai-593_carryingpole-1,nɐ.muŋ⁵²,780,false,expert,,,,
KimMunLaocai-594_rope-1-1,KimMunLaocai-594_rope-1,lɑŋ³⁵vin⁵²,781,false,expert,,,,
KimMunLaocai-595_sickle-1-1,KimMunLaocai-595_sickle-1,ȴu³¹to²¹⁴,782,false,expert,,,,
KimMunLaocai-291_ashes-1-1,KimMunLaocai-291_ashes-1,sɑj³³,787,false,expert,,,,
KimMunLaocai-287_bed-1-1,KimMunLaocai-287_bed-1,ȶo⁵²,788,false,expert,,,,
KimMunLaocai-278_blanket-1-1,KimMunLaocai-278_blanket-1,θɔŋ⁵²,789,false,expert,,,,
KimMunLaocai-602_boat-1-1,KimMunLaocai-602_boat-1,dɑŋ³³,790,false,expert,,,,
KimMunLaocai-605_bridge-1-1,KimMunLaocai-605_bridge-1,ȶo¹¹,791,false,expert,,,,
KimMunLaocai-341_charcoal-1-1,KimMunLaocai-341_charcoal-1,tɐw³¹tɑn⁵²,792,false,expert,,,,
KimMunLaocai-600_coop-1-1,KimMunLaocai-600_coop-1,ȶe²¹⁴ko⁵²,793,false,expert,,,,
KimMunLaocai-606_dockboat-1-1,KimMunLaocai-606_dockboat-1,bɐj¹¹,794,false,expert,,,,
KimMunLaocai-279_door-1-1,KimMunLaocai-279_door-1,kjɛŋ¹¹,795,false,expert,,,,
KimMunLaocai-601_firewood-1-1,KimMunLaocai-601_firewood-1,θɑŋ¹¹,796,false,expert,,,,
KimMunLaocai-288_garden-1-1,KimMunLaocai-288_garden-1,ȡin⁵²,797,false,expert,,,,
KimMunLaocai-607_grave-1-1,KimMunLaocai-607_grave-1,θo⁴⁴,798,false,expert,,,,
KimMunLaocai-280_house-1-1,KimMunLaocai-280_house-1,pjɑw⁴⁴,799,false,expert,,,,
KimMunLaocai-281_mat-1-1,KimMunLaocai-281_mat-1,si³³,800,false,expert,,,,
KimMunLaocai-608_paddy-1-1,KimMunLaocai-608_paddy-1,giŋ³³lɔ⁵²,801,false,expert,,,,
KimMunLaocai-282_pillow-1-1,KimMunLaocai-282_pillow-1,toŋ¹¹ȡɑm³⁵,802,false,expert,,,,
KimMunLaocai-609_plotdry-1-1,KimMunLaocai-609_plotdry-1,gjɑŋ³⁵,803,false,expert,,,,
KimMunLaocai-610_wetfield-1-1,KimMunLaocai-610_wetfield-1,giŋ¹¹,804,false,expert,,,,
KimMunLaocai-611_road-1-1,KimMunLaocai-611_road-1,kjaw⁴⁴,805,false,expert,,,,
KimMunLaocai-289_stairsladder-1-1,KimMunLaocai-289_stairsladder-1,kjɑw⁴⁴kɑ³⁵,806,false,expert,,,,
KimMunLaocai-603_village-1-1,KimMunLaocai-603_village-1,gjɐŋ³⁴¹,807,false,expert,,,,
KimMunLaocai-612_wellwater-1-1,KimMunLaocai-612_wellwater-1,twɐm¹¹kɔt³⁵,808,false,expert,,,,
KimMunLaocai-210_wide-1-1,KimMunLaocai-210_wide-1,kwaŋ⁴⁴,809,false,expert,,,,
KimMunLaocai-165_white-1-1,KimMunLaocai-165_white-1,pɛ³³,810,false,expert,,,,
KimMunLaocai-211_wet-1-1,KimMunLaocai-211_wet-1,dɔn²¹⁴,811,false,expert,,,,
KimMunLaocai-212_sweet-1-1,KimMunLaocai-212_sweet-1,gam²¹⁴,812,false,expert,,,,
KimMunLaocai-213_sticky-1-1,KimMunLaocai-213_sticky-1,bla²¹⁴,813,false,expert,,,,
KimMunLaocai-214_spicy-1-1,KimMunLaocai-214_spicy-1,bjat³³,814,false,expert,,,,
KimMunLaocai-215_sour-1-1,KimMunLaocai-215_sour-1,θuj⁵²,815,false,expert,,,,
KimMunLaocai-216_soft-1-1,KimMunLaocai-216_soft-1,sɔt³³,816,false,expert,,,,
KimMunLaocai-217_smelly-1-1,KimMunLaocai-217_smelly-1,θɐj³⁵,817,false,expert,,,,
KimMunLaocai-218_slick-1-1,KimMunLaocai-218_slick-1,blaŋ³³,818,false,expert,,,,
KimMunLaocai-219_short-1-1,KimMunLaocai-219_short-1,ham⁵²,819,false,expert,,,,
KimMunLaocai-220_salty-1-1,KimMunLaocai-220_salty-1,daj¹¹,820,false,expert,,,,
KimMunLaocai-221_rotten-1-1,KimMunLaocai-221_rotten-1,jɔt¹¹,821,false,expert,,,,
KimMunLaocai-222_ripe-1-1,KimMunLaocai-222_ripe-1,a³³su³⁵,822,false,expert,,,,
KimMunLaocai-166_rightside-1-1,KimMunLaocai-166_rightside-1,bjaw³³pu³¹,823,false,expert,,,,
KimMunLaocai-167_red-1-1,KimMunLaocai-167_red-1,θi⁵²,824,false,expert,,,,
KimMunLaocai-223_raw-1-1,KimMunLaocai-223_raw-1,a⁴⁴ŋim³⁴¹,825,false,expert,,,,
KimMunLaocai-224_old-1-1,KimMunLaocai-224_old-1,lo³⁵ȵaŋ³¹,826,false,expert,,,,
KimMunLaocai-225_new-1-1,KimMunLaocai-225_new-1,saŋ³³ȵaŋ³¹,827,false,expert,,,,
KimMunLaocai-226_near-1-1,KimMunLaocai-226_near-1,θat³³,828,false,expert,,,,
KimMunLaocai-227_narrow-1-1,KimMunLaocai-227_narrow-1,it³³,829,false,expert,,,,
KimMunLaocai-228_low-1-1,KimMunLaocai-228_low-1,ha⁵²,830,false,expert,,,,
KimMunLaocai-229_lightweight-1-1,KimMunLaocai-229_lightweight-1,so⁵²,831,false,expert,,,,
KimMunLaocai-230_left-1-1,KimMunLaocai-230_left-1,θaj³³bu³⁴¹,832,false,expert,,,,
KimMunLaocai-231_late-1-1,KimMunLaocai-231_late-1,an³⁵,833,false,expert,,,,
KimMunLaocai-232_inside-1-1,KimMunLaocai-232_inside-1,gja³⁴¹,834,false,expert,,,,
KimMunLaocai-233_hot-1-1,KimMunLaocai-233_hot-1,kjɔm²¹⁴,835,false,expert,,,,
KimMunLaocai-234_high-1-1,KimMunLaocai-234_high-1,gjaŋ⁵²,836,false,expert,,,,
KimMunLaocai-235_heavy-1-1,KimMunLaocai-235_heavy-1,ni³³,837,false,expert,,,,
KimMunLaocai-236_hard-1-1,KimMunLaocai-236_hard-1,ȵɛŋ³³,838,false,expert,,,,
KimMunLaocai-168_green-1-1,KimMunLaocai-168_green-1,mɛŋ²¹⁴,839,false,expert,,,,
KimMunLaocai-237_good-1-1,KimMunLaocai-237_good-1,gɔŋ³³ve³⁴¹,840,false,expert,,,,
KimMunLaocai-238_full-1-1,KimMunLaocai-238_full-1,bɔŋ⁵²,841,false,expert,,,,
KimMunLaocai-239_fragrant-1-1,KimMunLaocai-239_fragrant-1,daŋ²¹⁴,842,false,expert,,,,
KimMunLaocai-240_fishy-1-1,KimMunLaocai-240_fishy-1,θe³³diŋ⁵²,843,false,expert,,,,
KimMunLaocai-241_far-1-1,KimMunLaocai-241_far-1,gɔ²¹⁴,844,false,expert,,,,
KimMunLaocai-242_early-1-1,KimMunLaocai-242_early-1,gjo⁴⁴,845,false,expert,,,,
KimMunLaocai-172_dry-1-1,KimMunLaocai-172_dry-1,gaj⁵²,846,false,expert,,,,
KimMunLaocai-243_dead-1-1,KimMunLaocai-243_dead-1,daj³³,847,false,expert,,,,
KimMunLaocai-169_cool-1-1,KimMunLaocai-169_cool-1,θiŋ³⁵,848,false,expert,,,,
KimMunLaocai-244_cold-1-1,KimMunLaocai-244_cold-1,sɔŋ⁴⁴,849,false,expert,,,,
KimMunLaocai-245_blind-1-1,KimMunLaocai-245_blind-1,mɐj³³bu³³,850,false,expert,,,,
KimMunLaocai-170_black-1-1,KimMunLaocai-170_black-1,gja:²¹⁴,851,false,expert,,,,
KimMunLaocai-246_bitter-1-1,KimMunLaocai-246_bitter-1,im²¹⁴,852,false,expert,,,,
KimMunLaocai-247_below-1-1,KimMunLaocai-247_below-1,di⁴⁴,853,false,expert,,,,
KimMunLaocai-248_bad-1-1,KimMunLaocai-248_bad-1,ho³³,854,false,expert,,,,
KimMunLaocai-249_alive-1-1,KimMunLaocai-249_alive-1,saŋ³¹,855,false,expert,,,,
KimMunLaocai-250_above-1-1,KimMunLaocai-250_above-1,ȶɐj³³,856,false,expert,,,,
KimMunLaocai-171_yellow-1-1,KimMunLaocai-171_yellow-1,waŋ¹¹,857,false,expert,,,,
KimMunLaocai-742_towash-1-1,KimMunLaocai-742_towash-1,daw³⁵,858,false,expert,,,,
KimMunLaocai-743_towrite-1-1,KimMunLaocai-743_towrite-1,kja⁴⁴,859,false,expert,,,,
KimMunLaocai-613_towalk-1-1,KimMunLaocai-613_towalk-1,jaŋ³³θaw³⁵,860,false,expert,,,,
KimMunLaocai-614_towait-1-1,KimMunLaocai-614_towait-1,ȶu⁴⁴,861,false,expert,,,,
KimMunLaocai-744_totear-1-1,KimMunLaocai-744_totear-1,ȶɛ⁵²,863,false,expert,,,,
KimMunLaocai-745_totalk-1-1,KimMunLaocai-745_totalk-1,kɔ⁵²wa³⁵,864,false,expert,,,,
KimMunLaocai-616_toswim-1-1,KimMunLaocai-616_toswim-1,kjo¹¹,865,false,expert,,,,
KimMunLaocai-746_tostoke-1-1,KimMunLaocai-746_tostoke-1,su¹¹,866,false,expert,,,,
KimMunLaocai-617_tostir-1-1,KimMunLaocai-617_tostir-1,law⁴⁴,867,false,expert,,,,
KimMunLaocai-618_tosteam-1-1,KimMunLaocai-618_tosteam-1,naŋ³⁵saŋ²¹⁴,868,false,expert,,,,
KimMunLaocai-619_tosteal-1-1,KimMunLaocai-619_tosteal-1,aj³³θa³⁵,869,false,expert,,,,
KimMunLaocai-620_tostand-1-1,KimMunLaocai-620_tostand-1,θo⁴⁴,870,false,expert,,,,
KimMunLaocai-747_tosoak-1-1,KimMunLaocai-747_tosoak-1,θe³³wɔm²¹⁴,871,false,expert,,,,
KimMunLaocai-621_tosmoke-1-1,KimMunLaocai-621_tosmoke-1,hɔp⁵²jin²¹⁴,872,false,expert,,,,
KimMunLaocai-748_tosmell-1-1,KimMunLaocai-748_tosmell-1,hɔm⁵²,873,false,expert,,,,
KimMunLaocai-622_tosleep-1-1,KimMunLaocai-622_tosleep-1,fɐj³⁵,874,false,expert,,,,
KimMunLaocai-749_toslash-1-1,KimMunLaocai-749_toslash-1,daw⁴⁴,875,false,expert,,,,
KimMunLaocai-623_tosit-1-1,KimMunLaocai-623_tosit-1,gjɛt³³,876,false,expert,,,,
KimMunLaocai-750_tosettrap-1-1,KimMunLaocai-750_tosettrap-1,niŋ¹¹θi⁵²,877,false,expert,,,,
KimMunLaocai-624_tosell-1-1,KimMunLaocai-624_tosell-1,ma:j³³,878,false,expert,,,,
KimMunLaocai-625_tosee-1-1,KimMunLaocai-625_tosee-1,mɐŋ³³,879,false,expert,,,,
KimMunLaocai-751_toscrape-1-1,KimMunLaocai-751_toscrape-1,gwit⁵²,880,false,expert,,,,
KimMunLaocai-752_toscold-1-1,KimMunLaocai-752_toscold-1,ma³³,881,false,expert,,,,
KimMunLaocai-753_torun-1-1,KimMunLaocai-753_torun-1,tju⁵²,882,false,expert,,,,
KimMunLaocai-626_toroast-1-1,KimMunLaocai-626_toroast-1,si²¹⁴,883,false,expert,,,,
KimMunLaocai-754_toroar-1-1,KimMunLaocai-754_toroar-1,haw¹¹,884,false,expert,,,,
KimMunLaocai-755_toridehorse-1-1,KimMunLaocai-755_toridehorse-1,ȶe¹¹ma³⁴¹,885,false,expert,,,,
KimMunLaocai-627_toreturn-1-1,KimMunLaocai-627_toreturn-1,law³⁴¹,886,false,expert,,,,
KimMunLaocai-756_torest-1-1,KimMunLaocai-756_torest-1,ni³¹gan⁵²,887,false,expert,,,,
KimMunLaocai-757_toremember-1-1,KimMunLaocai-757_toremember-1,saŋ³⁵,888,false,expert,,,,
KimMunLaocai-758_topullgr-1-1,KimMunLaocai-758_topullgr-1,bɛŋ¹¹ma³⁵,889,false,expert,,,,
KimMunLaocai-628_topull-1-1,KimMunLaocai-628_topull-1,da:n³⁵,890,false,expert,,,,
KimMunLaocai-759_topat-1-1,KimMunLaocai-759_topat-1,bɛ⁵²,891,false,expert,,,,
KimMunLaocai-760_toopenmr-1-1,KimMunLaocai-760_toopenmr-1,gɔj⁵²,892,false,expert,,,,
KimMunLaocai-761_tomow-1-1,KimMunLaocai-761_tomow-1,gwan⁵²,893,false,expert,,,,
KimMunLaocai-762_tomarryw-1-1,KimMunLaocai-762_tomarryw-1,ȶo¹¹aw⁴⁴,894,false,expert,,,,
KimMunLaocai-763_tomarryd-1-1,KimMunLaocai-763_tomarryd-1,naj³⁵la:ŋ¹¹,895,false,expert,,,,
KimMunLaocai-764_tolike-1-1,KimMunLaocai-764_tolike-1,oj³⁵,896,false,expert,,,,
KimMunLaocai-629_toknow-1-1,KimMunLaocai-629_toknow-1,pe²¹⁴,897,false,expert,,,,
KimMunLaocai-765_tokill-1-1,KimMunLaocai-765_tokill-1,dɐj³⁵,898,false,expert,,,,
KimMunLaocai-766_tohonekn-1-1,KimMunLaocai-766_tohonekn-1,ȶo⁵²ȶu³³,899,false,expert,,,,
KimMunLaocai-767_tohide-1-1,KimMunLaocai-767_tohide-1,mɛm⁴⁴,900,false,expert,,,,
KimMunLaocai-630_tohear-1-1,KimMunLaocai-630_tohear-1,muŋ⁵²,901,false,expert,,,,
KimMunLaocai-768_togo-1-1,KimMunLaocai-768_togo-1,niŋ¹¹,902,false,expert,,,,
KimMunLaocai-631_togive-1-1,KimMunLaocai-631_togive-1,fɐn²¹⁴,903,false,expert,,,,
KimMunLaocai-769_togivebirth-1-1,KimMunLaocai-769_togivebirth-1,juŋ³⁴¹,904,false,expert,,,,
KimMunLaocai-770_tofry-1-1,KimMunLaocai-770_tofry-1,ȶa:w³³,905,false,expert,,,,
KimMunLaocai-632_toforget-1-1,KimMunLaocai-632_toforget-1,ȵo³³gɔ⁵²,906,false,expert,,,,
KimMunLaocai-633_tofly-1-1,KimMunLaocai-633_tofly-1,dɐj⁵²,907,false,expert,,,,
KimMunLaocai-771_tofear-1-1,KimMunLaocai-771_tofear-1,kuŋ¹¹ja⁵²,908,false,expert,,,,
KimMunLaocai-772_tofalldown-1-1,KimMunLaocai-772_tofalldown-1,kliŋ³⁴¹,909,false,expert,,,,
KimMunLaocai-773_toexplode-1-1,KimMunLaocai-773_toexplode-1,tɔ³³,910,false,expert,,,,
KimMunLaocai-634_toeat-1-1,KimMunLaocai-634_toeat-1,ȵin³³,911,false,expert,,,,
KimMunLaocai-774_tosundry-1-1,KimMunLaocai-774_tosundry-1,faj⁵²,912,false,expert,,,,
KimMunLaocai-635_todrink-1-1,KimMunLaocai-635_todrink-1,hɔp⁵²,913,false,expert,,,,
KimMunLaocai-775_todrawwater-1-1,KimMunLaocai-775_todrawwater-1,dan³⁵,914,false,expert,,,,
KimMunLaocai-776_todrain-1-1,KimMunLaocai-776_todrain-1,goj⁵²wɐm²¹⁴,915,false,expert,,,,
KimMunLaocai-636_todip-1-1,KimMunLaocai-636_todip-1,gwa⁵²,916,false,expert,,,,
KimMunLaocai-637_todie-1-1,KimMunLaocai-637_todie-1,daj³³,917,false,expert,,,,
KimMunLaocai-777_tocutwscissors-1-1,KimMunLaocai-777_tocutwscissors-1,gjap³³,918,false,expert,,,,
KimMunLaocai-778_tocutwknife-1-1,KimMunLaocai-778_tocutwknife-1,gat³¹,919,false,expert,,,,
KimMunLaocai-779_tocrow-1-1,KimMunLaocai-779_tocrow-1,aj³³gaj³⁵,920,false,expert,,,,
KimMunLaocai-780_tocook-1-1,KimMunLaocai-780_tocook-1,ȶo⁴⁴,921,false,expert,,,,
KimMunLaocai-638_tocome-1-1,KimMunLaocai-638_tocome-1,taw⁵²,922,false,expert,,,,
KimMunLaocai-781_tochew-1-1,KimMunLaocai-781_tochew-1,ȵaj⁵²,923,false,expert,,,,
KimMunLaocai-782_tochase-1-1,KimMunLaocai-782_tochase-1,luj³³,924,false,expert,,,,
KimMunLaocai-783_tocarry-1-1,KimMunLaocai-783_tocarry-1,dam²¹⁴,925,false,expert,,,,
KimMunLaocai-639_tobuy-1-1,KimMunLaocai-639_tobuy-1,maj³⁴¹,926,false,expert,,,,
KimMunLaocai-640_toblow-1-1,KimMunLaocai-640_toblow-1,pjɔm⁴⁴,927,false,expert,,,,
KimMunLaocai-641_tobite-1-1,KimMunLaocai-641_tobite-1,tap³³,928,false,expert,,,,
KimMunLaocai-784_tobeable-1-1,KimMunLaocai-784_tobeable-1,du²¹⁴,929,false,expert,,,,
KimMunLaocai-785_tobathe-1-1,KimMunLaocai-785_tobathe-1,dam³¹wɐm²¹⁴,930,false,expert,,,,
KimMunLaocai-786_todark-1-1,KimMunLaocai-786_todark-1,ȶuŋ³⁵,931,false,expert,,,,
KimMunLaocai-787_toarrive-1-1,KimMunLaocai-787_toarrive-1,da:j¹¹,932,false,expert,,,,
KimMunLaocai-788_toarise-1-1,KimMunLaocai-788_toarise-1,θe¹¹kwɛ³⁴¹,933,false,expert,,,,
KimMunLaocai-642_toanswer-1-1,KimMunLaocai-642_toanswer-1,kɔŋ⁴⁴,934,false,expert,,,,
KimMunLaocai-789_toaccept-1-1,KimMunLaocai-789_toaccept-1,nɔŋ³³,935,false,expert,,,,
KimMunLaocai-452_yousg-1-1,KimMunLaocai-452_yousg-1,mɐj¹¹,936,false,expert,,,,
KimMunLaocai-453_we-1-1,KimMunLaocai-453_we-1,pan¹¹,937,false,expert,,,,
KimMunLaocai-404_they-1-1,KimMunLaocai-404_they-1,si²¹⁴,938,false,expert,,,,
KimMunLaocai-379_many-1-1,KimMunLaocai-379_many-1,duŋ³⁵,939,false,expert,,,,
KimMunLaocai-454_i-1-1,KimMunLaocai-454_i-1,ja²¹⁴,940,false,expert,,,,
KimMunLaocai-455_he-1-1,KimMunLaocai-455_he-1,nɐn¹¹,941,false,expert,,,,
KimMunLaocai-456_youpl-1-1,KimMunLaocai-456_youpl-1,ȵo¹¹,942,false,expert,,,,
KimMunLaocai-380_1-1-1,KimMunLaocai-380_1-1,ɑ¹¹,943,false,expert,,,,
KimMunLaocai-381_2-1-1,KimMunLaocai-381_2-1,i³⁵,944,false,expert,,,,
KimMunLaocai-382_3-1-1,KimMunLaocai-382_3-1,po²¹⁴,945,false,expert,,,,
KimMunLaocai-383_4-1-1,KimMunLaocai-383_4-1,pje²¹⁴,946,false,expert,,,,
KimMunLaocai-384_5-1-1,KimMunLaocai-384_5-1,pja²¹⁴,947,false,expert,,,,
KimMunLaocai-385_6-1-1,KimMunLaocai-385_6-1,kjɔ²¹⁴,948,false,expert,,,,
KimMunLaocai-386_7-1-1,KimMunLaocai-386_7-1,ȵi³³,949,false,expert,,,,
KimMunLaocai-387_8-1-1,KimMunLaocai-387_8-1,jɐt³³,950,false,expert,,,,
KimMunLaocai-388_9-1-1,KimMunLaocai-388_9-1,du¹¹,951,false,expert,,,,
KimMunLaocai-389_10-1-1,KimMunLaocai-389_10-1,sap¹¹,952,false,expert,,,,
KimMunLaocai-390_11-1-1,KimMunLaocai-390_11-1,sap¹¹bjɛt³³,953,false,expert,,,,
KimMunLaocai-391_12-1-1,KimMunLaocai-391_12-1,sap¹¹ȵe¹¹,954,false,expert,,,,
KimMunLaocai-392_13-1-1,KimMunLaocai-392_13-1,sap¹¹sam²¹⁴,955,false,expert,,,,
KimMunLaocai-393_14-1-1,KimMunLaocai-393_14-1,sap¹¹θe³⁵,956,false,expert,,,,
KimMunLaocai-394_15-1-1,KimMunLaocai-394_15-1,sap¹¹ŋo³⁴¹,957,false,expert,,,,
KimMunLaocai-395_16-1-1,KimMunLaocai-395_16-1,sap¹¹gu³³,958,false,expert,,,,
KimMunLaocai-396_17-1-1,KimMunLaocai-396_17-1,sap¹¹kjɛt⁵²,959,false,expert,,,,
KimMunLaocai-397_18-1-1,KimMunLaocai-397_18-1,sap¹¹pit³¹,960,false,expert,,,,
KimMunLaocai-398_19-1-1,KimMunLaocai-398_19-1,sap¹¹ȶu⁴⁴,961,false,expert,,,,
KimMunLaocai-399_20-1-1,KimMunLaocai-399_20-1,ni³³sap¹¹,962,false,expert,,,,
KimMunLaocai-400_21-1-1,KimMunLaocai-400_21-1,ni³³sap¹¹ȵe¹¹,963,false,expert,,,,
KimMunLaocai-401_100-1-1,KimMunLaocai-401_100-1,ap¹¹pɛ²¹⁴,964,false,expert,,,,
KimMunLaocai-402_1000-1-1,KimMunLaocai-402_1000-1,a¹¹tin⁵²,965,false,expert,,,,
