ID,Local_ID,Language_ID,Parameter_ID,Value,Form,Segments,Comment,Source,Cognacy,Loan
KimMunLaos-303_sky-1,,KimMunLaos,303_sky,guŋ³¹,guŋ³¹,g u ŋ ³¹,,,,
KimMunLaos-305_sun-1,,KimMunLaos,305_sun,mə.nɔj³⁵,mə.nɔj³⁵,m ə ⁰ + n ɔ j ³⁵,,,,
KimMunLaos-310_thesunrises-1,,KimMunLaos,310_thesunrises,mə.nɔj³⁵saːw¹³,mə.nɔj³⁵saːw¹³,m ə ⁰ + n ɔ j ³⁵ + s aː w ¹³,,,,
KimMunLaos-310_thesunrises-2,,KimMunLaos,310_thesunrises,mə.nɔj³⁵sɛt³¹,mə.nɔj³⁵sɛt³¹,m ə ⁰ + n ɔ j ³⁵ + s ɛ t ³¹,,,,
KimMunLaos-319_thesunsets-1,,KimMunLaos,319_thesunsets,mə.nɔj³⁵mot²¹ȶəj²¹,mə.nɔj³⁵mot²¹ȶəj²¹,m ə ⁰ + n ɔ j ³⁵ + m o t ²¹ + ȶ ə j ²¹,,,,
KimMunLaos-319_thesunsets-2,,KimMunLaos,319_thesunsets,mə.nɔj³⁵tuj³¹,mə.nɔj³⁵tuj³¹,m ə ⁰ + n ɔ j ³⁵ + t u j ³¹,,,,
KimMunLaos-309_moon-1,,KimMunLaos,309_moon,la:³⁵,la:³⁵,l aː ³⁵,,,,
KimMunLaos-323_star-1,,KimMunLaos,323_star,θin⁵³taw¹³,θin⁵³taw¹³,θ i n ⁵³ + t a w ¹³,,,,
KimMunLaos-333_light-1,,KimMunLaos,333_light,gwaŋ⁵³,gwaŋ⁵³,gʷ a ŋ ⁵³,,,,
KimMunLaos-337_shadow-1,,KimMunLaos,337_shadow,bə.gloj⁵³,bə.gloj⁵³,b ə ⁰ + g l o j ⁵³,,,,
KimMunLaos-338_bright-1,,KimMunLaos,338_bright,gwaŋ⁵³daŋ³⁵,gwaŋ⁵³daŋ³⁵,gʷ a ŋ ⁵³ + d a ŋ ³⁵,,,,
KimMunLaos-339_dark-1,,KimMunLaos,339_dark,ȡam²¹,ȡam²¹,ȡ a m ²¹,,,,
KimMunLaos-294_cloud-1,,KimMunLaos,294_cloud,van¹³,van¹³,v a n ¹³,,,,
KimMunLaos-299_rain-1,,KimMunLaos,299_rain,buŋ²¹,buŋ²¹,b u ŋ ²¹,,,,
KimMunLaos-340_rainbow-1,,KimMunLaos,340_rainbow,guŋ³¹ga:ŋ¹³,guŋ³¹ga:ŋ¹³,g u ŋ ³¹ + g aː ŋ ¹³,,,,
KimMunLaos-311_lightning-1,,KimMunLaos,311_lightning,buŋ²¹bit³¹to³⁴¹,buŋ²¹bit³¹to³⁴¹,b u ŋ ²¹ + b i t ³¹ + t o ³⁴¹,,,,
KimMunLaos-306_thunder-1,,KimMunLaos,306_thunder,bu.gɔŋ⁵³haːw³¹,bu.gɔŋ⁵³haːw³¹,b u ⁰ + g ɔ ŋ ⁵³ + h aː w ³¹,,,,
KimMunLaos-308_wind-1,,KimMunLaos,308_wind,ȡa:w¹³,ȡa:w¹³,ȡ aː w ¹³,,,,
KimMunLaos-312_storm-1,,KimMunLaos,312_storm,ȡaw¹³kja⁵³,ȡaw¹³kja⁵³,ȡ a w ¹³ + k j a ⁵³,,,,
KimMunLaos-652_tomelt-1,,KimMunLaos,652_tomelt,ju:¹¹,ju:¹¹,j uː ¹¹,,,,
KimMunLaos-314_hail-1,,KimMunLaos,314_hail,pjɔ²¹,pjɔ²¹,p j ɔ ²¹,,,,
KimMunLaos-315_weather-1,,KimMunLaos,315_weather,si³⁵,si³⁵,s i ³⁵,,,,
KimMunLaos-551_nicedayfineday-1,,KimMunLaos,551_nicedayfineday,si³⁵gɔŋ¹³,si³⁵gɔŋ¹³,s i ³⁵ + g ɔ ŋ ¹³,,,,
KimMunLaos-316_cloudyday-1,,KimMunLaos,316_cloudyday,guŋ³¹naj³¹van¹³,guŋ³¹naj³¹van¹³,g u ŋ ³¹ + n a j ³¹ + v a n ¹³,,,,
KimMunLaos-317_drought-1,,KimMunLaos,317_drought,guŋ⁵³ha:n³⁵,guŋ⁵³ha:n³⁵,g u ŋ ⁵³ + h aː n ³⁵,,,,
KimMunLaos-549_night-1,,KimMunLaos,549_night,bə.ȡam²¹,bə.ȡam²¹,b ə ⁰ + ȡ a m ²¹,,,,
KimMunLaos-547_day-1,,KimMunLaos,547_day,mə.nɔj³⁵ȶa:¹³,mə.nɔj³⁵ȶa:¹³,m ə ⁰ + n ɔ j ³⁵ + ȶ aː ¹³,,,,
KimMunLaos-548_morning-1,,KimMunLaos,548_morning,bu.dom⁵³tɔn¹³,bu.dom⁵³tɔn¹³,b u ⁰ + d o m ⁵³ + t ɔ n ¹³,,,,
KimMunLaos-552_noon-1,,KimMunLaos,552_noon,dum³¹nɔj³⁵,dum³¹nɔj³⁵,d u m ³¹ + n ɔ j ³⁵,,,,
KimMunLaos-553_yesterday-1,,KimMunLaos,553_yesterday,kum³¹nɔj³⁵,kum³¹nɔj³⁵,k u m ³¹ + n ɔ j ³⁵,,,,
KimMunLaos-554_tomorrow-1,,KimMunLaos,554_tomorrow,saŋ³¹dom⁵³,saŋ³¹dom⁵³,s a ŋ ³¹ + d o m ⁵³,,,,
KimMunLaos-550_year-1,,KimMunLaos,550_year,ȵaŋ³⁵,ȵaŋ³⁵,ȵ a ŋ ³⁵,,,,
KimMunLaos-270_east-1,,KimMunLaos,270_east,tɔŋ⁵³fa:n¹³,tɔŋ⁵³fa:n¹³,t ɔ ŋ ⁵³ + f aː n ¹³,,,,
KimMunLaos-270_east-2,,KimMunLaos,270_east,mə.nɔj³⁵sɛt³¹fa:n¹³,mə.nɔj³⁵sɛt³¹fa:n¹³,m ə ⁰ + n ɔ j ³⁵ + s ɛ t ³¹ + f aː n ¹³,,,,
KimMunLaos-271_west-1,,KimMunLaos,271_west,fe⁵³fa:n¹³,fe⁵³fa:n¹³,f e ⁵³ + f aː n ¹³,,,,
KimMunLaos-271_west-2,,KimMunLaos,271_west,mə.nɔj³⁴¹mot²¹ȶəj³¹fa:n¹³,mə.nɔj³⁴¹mot²¹ȶəj³¹fa:n¹³,m ə ⁰ + n ɔ j ³⁴¹ + m o t ²¹ + ȶ ə j ³¹ + f aː n ¹³,,,,
KimMunLaos-272_north-1,,KimMunLaos,272_north,pu³³fa:n¹³,pu³³fa:n¹³,p u ³³ + f aː n ¹³,,,,
KimMunLaos-272_north-2,,KimMunLaos,272_north,ȶa³¹le³⁵fa:n¹³,ȶa³¹le³⁵fa:n¹³,ȶ a ³¹ + l e ³⁵ + f aː n ¹³,,,,
KimMunLaos-273_south-1,,KimMunLaos,273_south,na:m³¹fa:n¹³,na:m³¹fa:n¹³,n aː m ³¹ + f aː n ¹³,,,,
KimMunLaos-273_south-2,,KimMunLaos,273_south,ku³³le³⁵fa:n¹³,ku³³le³⁵fa:n¹³,k u ³³ + l e ³⁵ + f aː n ¹³,,,,
KimMunLaos-274_horizon-1,,KimMunLaos,274_horizon,guŋ³¹sin³¹,guŋ³¹sin³¹,g u ŋ ³¹ + s i n ³¹,,,,
KimMunLaos-307_water-1,,KimMunLaos,307_water,wɔm⁵³,wɔm⁵³,w ɔ m ⁵³,,,,
KimMunLaos-300_river-1,,KimMunLaos,300_river,wɔm⁵³lu³⁵,wɔm⁵³lu³⁵,w ɔ m ⁵³ + l u ³⁵,,,,
KimMunLaos-320_stream-1,,KimMunLaos,320_stream,wɔm⁵³nɔ³⁴¹,wɔm⁵³nɔ³⁴¹,w ɔ m ⁵³ + n ɔ ³⁴¹,,,,
KimMunLaos-321_sea-1,,KimMunLaos,321_sea,koj¹¹lu³⁵,koj¹¹lu³⁵,k o j ¹¹ + l u ³⁵,,,,
KimMunLaos-322_earthsoil-1,,KimMunLaos,322_earthsoil,ni³⁵,ni³⁵,n i ³⁵,,,,
KimMunLaos-298_mud-1,,KimMunLaos,298_mud,ni³⁵pam²¹,ni³⁵pam²¹,n i ³⁵ + p a m ²¹,,,,
KimMunLaos-324_dust-1,,KimMunLaos,324_dust,ni³⁵buŋ³⁵,ni³⁵buŋ³⁵,n i ³⁵ + b u ŋ ³⁵,,,,
KimMunLaos-304_stone-1,,KimMunLaos,304_stone,gja:w⁵³,gja:w⁵³,g j aː w ⁵³,,,,
KimMunLaos-325_pebble-1,,KimMunLaos,325_pebble,gjaw⁵³θaj⁵³ȵɔt³⁵,gjaw⁵³θaj⁵³ȵɔt³⁵,g j a w ⁵³ + θ a j ⁵³ + ȵ ɔ t ³⁵,,,,
KimMunLaos-301_sand-1,,KimMunLaos,301_sand,gjaw⁵³θaj⁵³min³¹,gjaw⁵³θaj⁵³min³¹,g j a w ⁵³ + θ a j ⁵³ + m i n ³¹,,,,
KimMunLaos-295_gold-1,,KimMunLaos,295_gold,səm⁵³,səm⁵³,s ə m ⁵³,,,,
KimMunLaos-302_silver-1,,KimMunLaos,302_silver,ȵan³¹pɛ²¹,ȵan³¹pɛ²¹,ȵ a n ³¹ + p ɛ ²¹,,,,
KimMunLaos-296_iron-1,,KimMunLaos,296_iron,gja:³⁵,gja:³⁵,g j aː ³⁵,,,,
KimMunLaos-326_steel-1,,KimMunLaos,326_steel,θe⁵³ȶuŋ³⁴¹,θe⁵³ȶuŋ³⁴¹,θ e ⁵³ + ȶ u ŋ ³⁴¹,,,,
KimMunLaos-297_mountain-1,,KimMunLaos,297_mountain,ȶɔŋ⁵³,ȶɔŋ⁵³,ȶ ɔ ŋ ⁵³,,,,
KimMunLaos-292_cave-1,,KimMunLaos,292_cave,ȶɔ.bɛŋ³¹kɔt³⁵,ȶɔ.bɛŋ³¹kɔt³⁵,ȶ ɔ ⁰ + b ɛ ŋ ³¹ + k ɔ t ³⁵,,,,
KimMunLaos-328_swamp-1,,KimMunLaos,328_swamp,gla:ŋ³¹,gla:ŋ³¹,g l aː ŋ ³¹,,,,
KimMunLaos-293_cliff-1,,KimMunLaos,293_cliff,gjaw⁵³bɛŋ¹³,gjaw⁵³bɛŋ¹³,g j a w ⁵³ + b ɛ ŋ ¹³,,,,
KimMunLaos-329_valley-1,,KimMunLaos,329_valley,sun³⁵ȶa:w⁵³,sun³⁵ȶa:w⁵³,s u n ³⁵ + ȶ aː w ⁵³,,,,
KimMunLaos-330_hole-1,,KimMunLaos,330_hole,kɔt³⁵,kɔt³⁵,k ɔ t ³⁵,,,,
KimMunLaos-331_ice-1,,KimMunLaos,331_ice,wɔm⁵³kat³¹,wɔm⁵³kat³¹,w ɔ m ⁵³ + k a t ³¹,,,,
KimMunLaos-724_toflow-1,,KimMunLaos,724_toflow,tuj³⁵,tuj³⁵,t u j ³⁵,,,,
KimMunLaos-332_flood-1,,KimMunLaos,332_flood,wɔm⁵³ja:m¹³,wɔm⁵³ja:m¹³,w ɔ m ⁵³ + j aː m ¹³,,,,
KimMunLaos-725_tofloat-1,,KimMunLaos,725_tofloat,bjo³¹,bjo³¹,b j o ³¹,,,,
KimMunLaos-726_tosink-1,,KimMunLaos,726_tosink,sim⁵³,sim⁵³,s i m ⁵³,,,,
KimMunLaos-334_waterfall-1,,KimMunLaos,334_waterfall,wɔm⁵³tuj³¹ȶa:m³¹,wɔm⁵³tuj³¹ȶa:m³¹,w ɔ m ⁵³ + t u j ³¹ + ȶ aː m ³¹,,,,
KimMunLaos-335_island-1,,KimMunLaos,335_island,wɔm⁵³gjɛŋ⁵³,wɔm⁵³gjɛŋ⁵³,w ɔ m ⁵³ + g j ɛ ŋ ⁵³,,,,
KimMunLaos-336_lake-1,,KimMunLaos,336_lake,wɔm⁵³gap²¹,wɔm⁵³gap²¹,w ɔ m ⁵³ + g a p ²¹,,,,
KimMunLaos-457_forest-1,,KimMunLaos,457_forest,kim³¹,kim³¹,k i m ³¹,,,,
KimMunLaos-475_tree-1,,KimMunLaos,475_tree,gjaŋ¹³,gjaŋ¹³,g j a ŋ ¹³,,,,
KimMunLaos-481_branch-1,,KimMunLaos,481_branch,gjaŋ³³gwa:³¹,gjaŋ³³gwa:³¹,g j a ŋ ³³ + gʷ aː ³¹,,,,
KimMunLaos-482_treebark-1,,KimMunLaos,482_treebark,gjaŋ¹³dup²¹,gjaŋ¹³dup²¹,g j a ŋ ¹³ + d u p ²¹,,,,
KimMunLaos-474_thorn-1,,KimMunLaos,474_thorn,ȡim³³,ȡim³³,ȡ i m ³³,,,,
KimMunLaos-483_root-1,,KimMunLaos,483_root,gjaŋ³³duŋ³¹,gjaŋ³³duŋ³¹,g j a ŋ ³³ + d u ŋ ³¹,,,,
KimMunLaos-468_leaf-1,,KimMunLaos,468_leaf,nɔm³¹,nɔm³¹,n ɔ m ³¹,,,,
KimMunLaos-464_flower-1,,KimMunLaos,464_flower,gjaŋ³³fa:ŋ³¹,gjaŋ³³fa:ŋ³¹,g j a ŋ ³³ + f aː ŋ ³¹,,,,
KimMunLaos-465_fruit-1,,KimMunLaos,465_fruit,gjaŋ³³pjo³³,gjaŋ³³pjo³³,g j a ŋ ³³ + p j o ³³,,,,
KimMunLaos-484_seed-1,,KimMunLaos,484_seed,nɔm⁵³,nɔm⁵³,n ɔ m ⁵³,,,,
KimMunLaos-467_grass-1,,KimMunLaos,467_grass,ma:¹¹,ma:¹¹,m aː ¹¹,,,,
KimMunLaos-485_bamboo-1,,KimMunLaos,485_bamboo,la:w¹¹,la:w¹¹,l aː w ¹¹,,,,
KimMunLaos-486_bambooshoot-1,,KimMunLaos,486_bambooshoot,law¹¹bjaj²¹,law¹¹bjaj²¹,l a w ¹¹ + b j a j ²¹,,,,
KimMunLaos-487_bamboopole-1,,KimMunLaos,487_bamboopole,law¹¹ȶe⁵³,law¹¹ȶe⁵³,l a w ¹¹ + ȶ e ⁵³,,,,
KimMunLaos-488_coconuttree-1,,KimMunLaos,488_coconuttree,mak²¹paw³¹gjaŋ¹³,mak²¹paw³¹gjaŋ¹³,m a k ²¹ + p a w ³¹ + g j a ŋ ¹³,,,,
KimMunLaos-470_mushroom-1,,KimMunLaos,470_mushroom,so⁵³,so⁵³,s o ⁵³,,,,
KimMunLaos-472_sugarcane-1,,KimMunLaos,472_sugarcane,kum³¹sa:¹³,kum³¹sa:¹³,k u m ³¹ + s aː ¹³,,,,
KimMunLaos-489_betelnut-1,,KimMunLaos,489_betelnut,θɛn⁵³,θɛn⁵³,θ ɛ n ⁵³,,,,
KimMunLaos-459_banana-1,,KimMunLaos,459_banana,kum³¹ȶaw³⁴¹,kum³¹ȶaw³⁴¹,k u m ³¹ + ȶ a w ³⁴¹,,,,
KimMunLaos-491_mango-1,,KimMunLaos,491_mango,θin³¹dɔ³⁴¹pjo³³,θin³¹dɔ³⁴¹pjo³³,θ i n ³¹ + d ɔ ³⁴¹ + p j o ³³,,,,
KimMunLaos-492_coconut-1,,KimMunLaos,492_coconut,mak²¹paw³³pjo³³,mak²¹paw³³pjo³³,m a k ²¹ + p a w ³³ + p j o ³³,,,,
KimMunLaos-493_pineapple-1,,KimMunLaos,493_pineapple,dum³¹daw³⁴¹pjo³³,dum³¹daw³⁴¹pjo³³,d u m ³¹ + d a w ³⁴¹ + p j o ³³,,,,
KimMunLaos-494_watermelon-1,,KimMunLaos,494_watermelon,kwa⁵³θa:j⁵³,kwa⁵³θa:j⁵³,kʷ a ⁵³ + θ aː j ⁵³,,,,
KimMunLaos-495_apple-1,,KimMunLaos,495_apple,mak²¹pom³¹pjo³³,mak²¹pom³¹pjo³³,m a k ²¹ + p o m ³¹ + p j o ³³,,,,
KimMunLaos-462_eggplant-1,,KimMunLaos,462_eggplant,kə.daŋ³³,kə.daŋ³³,k ə ⁰ + d a ŋ ³³,,,,
KimMunLaos-496_peanut-1,,KimMunLaos,496_peanut,tə.bwe³³ni³⁵,tə.bwe³³ni³⁵,t ə ⁰ + b w e ³³ + n i ³⁵,,,,
KimMunLaos-497_ginger-1,,KimMunLaos,497_ginger,θuŋ³⁵,θuŋ³⁵,θ u ŋ ³⁵,,,,
KimMunLaos-466_garlic-1,,KimMunLaos,466_garlic,tun³⁵pje³³,tun³⁵pje³³,t u n ³⁵ + p j e ³³,,,,
KimMunLaos-498_ricehusk-1,,KimMunLaos,498_ricehusk,buj³⁵,buj³⁵,b u j ³⁵,,,,
KimMunLaos-499_sweetpotato-1,,KimMunLaos,499_sweetpotato,doj³¹dun⁵³,doj³¹dun⁵³,d o j ³¹ + d u n ⁵³,,,,
KimMunLaos-500_potato-1,,KimMunLaos,500_potato,fə.laŋ⁵³doj³¹,fə.laŋ⁵³doj³¹,f ə ⁰ + l a ŋ ⁵³ + d o j ³¹,,,,
KimMunLaos-473_taro-1,,KimMunLaos,473_taro,hoʔ¹¹,hoʔ¹¹,h o ʔ ¹¹,,,,
KimMunLaos-471_pumpkin-1,,KimMunLaos,471_pumpkin,gjaŋ³³kwa:³³,gjaŋ³³kwa:³³,g j a ŋ ³³ + kʷ aː ³³,,,,
KimMunLaos-461_cucumber-1,,KimMunLaos,461_cucumber,kwa⁵³,kwa⁵³,kʷ a ⁵³,,,,
KimMunLaos-501_carrot-1,,KimMunLaos,501_carrot,tə.bak²¹pjo³³,tə.bak²¹pjo³³,t ə ⁰ + b a k ²¹ + p j o ³³,,,,
KimMunLaos-502_tomato-1,,KimMunLaos,502_tomato,pjaw³³pjo³³,pjaw³³pjo³³,p j a w ³³ + p j o ³³,,,,
KimMunLaos-503_greenbean-1,,KimMunLaos,503_greenbean,tə.bwe³³miŋ⁵³,tə.bwe³³miŋ⁵³,t ə ⁰ + b w e ³³ + m i ŋ ⁵³,,,,
KimMunLaos-476_onion-1,,KimMunLaos,476_onion,tɔŋ³³pɔŋ³³,tɔŋ³³pɔŋ³³,t ɔ ŋ ³³ + p ɔ ŋ ³³,,,,
KimMunLaos-505_soybeansprout-1,,KimMunLaos,505_soybeansprout,tə.bwe³³ȵa:³¹,tə.bwe³³ȵa:³¹,t ə ⁰ + b w e ³³ + ȵ aː ³¹,,,,
KimMunLaos-506_ingredients-1,,KimMunLaos,506_ingredients,aj³³jin³⁵ȶə.daj³³,aj³³jin³⁵ȶə.daj³³,a j ³³ + j i n ³⁵ + ȶ ə ⁰ + d a j ³³,,,,
KimMunLaos-458_salt-1,,KimMunLaos,458_salt,daw³³,daw³³,d a w ³³,,,,
KimMunLaos-507_oil-1,,KimMunLaos,507_oil,məj³⁵,məj³⁵,m ə j ³⁵,,,,
KimMunLaos-508_soysauce-1,,KimMunLaos,508_soysauce,ȶə.koŋ⁵³kja:ŋ⁵³,ȶə.koŋ⁵³kja:ŋ⁵³,ȶ ə ⁰ + k o ŋ ⁵³ + k j aː ŋ ⁵³,,,,
KimMunLaos-509_sugar-1,,KimMunLaos,509_sugar,toŋ³¹van¹³,toŋ³¹van¹³,t o ŋ ³¹ + v a n ¹³,,,,
KimMunLaos-510_whitesugar-1,,KimMunLaos,510_whitesugar,toŋ³¹van³³pɛ²¹,toŋ³¹van³³pɛ²¹,t o ŋ ³¹ + v a n ³³ + p ɛ ²¹,,,,
KimMunLaos-512_blackpepper-1,,KimMunLaos,512_blackpepper,haw³¹θiw⁵³pjo³³,haw³¹θiw⁵³pjo³³,h a w ³¹ + θ i w ⁵³ + p j o ³³,,,,
KimMunLaos-513_boilingwater-1,,KimMunLaos,513_boilingwater,wɔm⁵³vəj¹³,wɔm⁵³vəj¹³,w ɔ m ⁵³ + v ə j ¹³,,,,
KimMunLaos-514_tea-1,,KimMunLaos,514_tea,ȶa:³¹,ȶa:³¹,ȶ aː ³¹,,,,
KimMunLaos-515_wine-1,,KimMunLaos,515_wine,blaw³¹ȶe⁵³tiw³³,blaw³¹ȶe⁵³tiw³³,b l a w ³¹ + ȶ e ⁵³ + t i w ³³,,,,
KimMunLaos-516_cigarette-1,,KimMunLaos,516_cigarette,jin³⁵bja:t³¹,jin³⁵bja:t³¹,j i n ³⁵ + b j aː t ³¹,,,,
KimMunLaos-621_tosmoke-1,,KimMunLaos,621_tosmoke,hɔp³⁵jin³⁵bja:t³¹,hɔp³⁵jin³⁵bja:t³¹,h ɔ p ³⁵ + j i n ³⁵ + b j aː t ³¹,,,,
KimMunLaos-728_tocookrice-1,,KimMunLaos,728_tocookrice,ȶo³³naŋ³⁵,ȶo³³naŋ³⁵,ȶ o ³³ + n a ŋ ³⁵,,,,
KimMunLaos-729_towashrice-1,,KimMunLaos,729_towashrice,daw³³naŋ³⁵,daw³³naŋ³⁵,d a w ³³ + n a ŋ ³⁵,,,,
KimMunLaos-730_tocutintopieces-1,,KimMunLaos,730_tocutintopieces,ȶap³¹,ȶap³¹,ȶ a p ³¹,,,,
KimMunLaos-731_tocutintoslices-1,,KimMunLaos,731_tocutintoslices,pi¹¹,pi¹¹,p i ¹¹,,,,
KimMunLaos-732_tochopmince-1,,KimMunLaos,732_tochopmince,dəj³⁵,dəj³⁵,d ə j ³⁵,,,,
KimMunLaos-517_cuttingboard-1,,KimMunLaos,517_cuttingboard,ȶum³¹ȡɛŋ³¹,ȶum³¹ȡɛŋ³¹,ȶ u m ³¹ + ȡ ɛ ŋ ³¹,,,,
KimMunLaos-518_wood-1,,KimMunLaos,518_wood,θa:ŋ³¹,θa:ŋ³¹,θ aː ŋ ³¹,,,,
KimMunLaos-580_fryingpan-1,,KimMunLaos,580_fryingpan,ȶɛŋ³⁵,ȶɛŋ³⁵,ȶ ɛ ŋ ³⁵,,,,
KimMunLaos-617_tostir-1,,KimMunLaos,617_tostir,mun³¹,mun³¹,m u n ³¹,,,,
KimMunLaos-733_tokneadadough-1,,KimMunLaos,733_tokneadadough,ȵuj³¹,ȵuj³¹,ȵ u j ³¹,,,,
KimMunLaos-734_topoundgarlic-1,,KimMunLaos,734_topoundgarlic,ȶup³⁵,ȶup³⁵,ȶ u p ³⁵,,,,
KimMunLaos-735_toputiningredients-1,,KimMunLaos,735_toputiningredients,θuŋ³³liw²¹,θuŋ³³liw²¹,θ u ŋ ³³ + l i w ²¹,,,,
KimMunLaos-736_topourover-1,,KimMunLaos,736_topourover,kuŋ³³naŋ³³,kuŋ³³naŋ³³,k u ŋ ³³ + n a ŋ ³³,,,,
KimMunLaos-737_tosqueeze-1,,KimMunLaos,737_tosqueeze,nɛŋ³³,nɛŋ³³,n ɛ ŋ ³³,,,,
KimMunLaos-738_tocrackanegg-1,,KimMunLaos,738_tocrackanegg,bɔ⁵³kjaw¹³,bɔ⁵³kjaw¹³,b ɔ ⁵³ + k j a w ¹³,,,,
KimMunLaos-739_toboil-1,,KimMunLaos,739_toboil,ȶo³³,ȶo³³,ȶ o ³³,,,,
KimMunLaos-740_tostirfrytofry-1,,KimMunLaos,740_tostirfrytofry,ȶa:w¹¹,ȶa:w¹¹,ȶ aː w ¹¹,,,,
KimMunLaos-741_tofryinfatoil-1,,KimMunLaos,741_tofryinfatoil,θin¹³,θin¹³,θ i n ¹³,,,,
KimMunLaos-618_tosteam-1,,KimMunLaos,618_tosteam,sa:ŋ⁵³,sa:ŋ⁵³,s aː ŋ ⁵³,,,,
KimMunLaos-626_toroast-1,,KimMunLaos,626_toroast,si⁵³,si⁵³,s i ⁵³,,,,
KimMunLaos-643_tobake-1,,KimMunLaos,643_tobake,up³¹,up³¹,u p ³¹,,,,
KimMunLaos-644_totaste-1,,KimMunLaos,644_totaste,dɔp²¹,dɔp²¹,d ɔ p ²¹,,,,
KimMunLaos-645_tosetthetable-1,,KimMunLaos,645_tosetthetable,bin³³ȶoŋ³⁴¹,bin³³ȶoŋ³⁴¹,b i n ³³ + ȶ o ŋ ³⁴¹,,,,
KimMunLaos-566_cover-1,,KimMunLaos,566_cover,gaj¹³,gaj¹³,g a j ¹³,,,,
KimMunLaos-636_todip-1,,KimMunLaos,636_todip,nam³⁴¹,nam³⁴¹,n a m ³⁴¹,,,,
KimMunLaos-562_bowl-1,,KimMunLaos,562_bowl,wan³³,wan³³,w a n ³³,,,,
KimMunLaos-567_dish-1,,KimMunLaos,567_dish,ba:n³¹,ba:n³¹,b aː n ³¹,,,,
KimMunLaos-563_chopsticks-1,,KimMunLaos,563_chopsticks,ȶo²¹,ȶo²¹,ȶ o ²¹,,,,
KimMunLaos-572_spoon-1,,KimMunLaos,572_spoon,ȶə.kun⁵³,ȶə.kun⁵³,ȶ ə ⁰ + k u n ⁵³,,,,
KimMunLaos-568_bottle-1,,KimMunLaos,568_bottle,ȵɛw²¹,ȵɛw²¹,ȵ ɛ w ²¹,,,,
KimMunLaos-569_cup-1,,KimMunLaos,569_cup,ȶɔk²¹,ȶɔk²¹,ȶ ɔ k ²¹,,,,
KimMunLaos-646_togrow-1,,KimMunLaos,646_togrow,sɔŋ¹³,sɔŋ¹³,s ɔ ŋ ¹³,,,,
KimMunLaos-477_sprout-1,,KimMunLaos,477_sprout,blaw³¹ja:ŋ⁵³,blaw³¹ja:ŋ⁵³,b l a w ³¹ + j aː ŋ ⁵³,,,,
KimMunLaos-647_tosprout-1,,KimMunLaos,647_tosprout,pju³³ȵa:³¹,pju³³ȵa:³¹,p j u ³³ + ȵ aː ³¹,,,,
KimMunLaos-478_treeshade-1,,KimMunLaos,478_treeshade,gjaŋ¹³glom¹³,gjaŋ¹³glom¹³,g j a ŋ ¹³ + g l o m ¹³,,,,
KimMunLaos-479_petalsofaflower-1,,KimMunLaos,479_petalsofaflower,ȵɛp⁵³,ȵɛp⁵³,ȵ ɛ p ⁵³,,,,
KimMunLaos-648_toripen-1,,KimMunLaos,648_toripen,su¹¹,su¹¹,s u ¹¹,,,,
KimMunLaos-480_peel-1,,KimMunLaos,480_peel,lut³⁵,lut³⁵,l u t ³⁵,,,,
KimMunLaos-460_bean-1,,KimMunLaos,460_bean,tɔp³¹,tɔp³¹,t ɔ p ³¹,,,,
KimMunLaos-649_towither-1,,KimMunLaos,649_towither,gju³¹,gju³¹,g j u ³¹,,,,
KimMunLaos-650_todecay-1,,KimMunLaos,650_todecay,jɔt⁵³,jɔt⁵³,j ɔ t ⁵³,,,,
KimMunLaos-20_animal-1,,KimMunLaos,20_animal,θuŋ³⁵haw³³,θuŋ³⁵haw³³,θ u ŋ ³⁵ + h a w ³³,,,,
KimMunLaos-9_tiger-1,,KimMunLaos,9_tiger,gja:n³¹,gja:n³¹,g j aː n ³¹,,,,
KimMunLaos-1_bear-1,,KimMunLaos,1_bear,kjap²¹,kjap²¹,k j a p ²¹,,,,
KimMunLaos-21_deer-1,,KimMunLaos,21_deer,ȶim³³ȡa:j³¹,ȶim³³ȡa:j³¹,ȶ i m ³³ + ȡ aː j ³¹,,,,
KimMunLaos-3_monkey-1,,KimMunLaos,3_monkey,du⁵³kuk³⁵,du⁵³kuk³⁵,d u ⁵³ + k u k ³⁵,,,,
KimMunLaos-22_rabbit-1,,KimMunLaos,22_rabbit,tu³⁵,tu³⁵,t u ³⁵,,,,
KimMunLaos-23_porcupine-1,,KimMunLaos,23_porcupine,dəj²¹,dəj²¹,d ə j ²¹,,,,
KimMunLaos-17_dog-1,,KimMunLaos,17_dog,klu³³,klu³³,k l u ³³,,,,
KimMunLaos-651_tobark-1,,KimMunLaos,651_tobark,ȶuŋ¹³,ȶuŋ¹³,ȶ u ŋ ¹³,,,,
KimMunLaos-641_tobite-1,,KimMunLaos,641_tobite,tap³¹,tap³¹,t a p ³¹,,,,
KimMunLaos-15_cat-1,,KimMunLaos,15_cat,ma:w³¹,ma:w³¹,m aː w ³¹,,,,
KimMunLaos-5_pig-1,,KimMunLaos,5_pig,tuŋ³⁴¹,tuŋ³⁴¹,t u ŋ ³⁴¹,,,,
KimMunLaos-24_cow-1,,KimMunLaos,24_cow,ŋɔŋ³³wa:ŋ³¹,ŋɔŋ³³wa:ŋ³¹,ŋ ɔ ŋ ³³ + w aː ŋ ³¹,,,,
KimMunLaos-74_milk-1,,KimMunLaos,74_milk,nu³³,nu³³,n u ³³,,,,
KimMunLaos-14_buffalo-1,,KimMunLaos,14_buffalo,ŋɔŋ³³bu¹¹,ŋɔŋ³³bu¹¹,ŋ ɔ ŋ ³³ + b u ¹¹,,,,
KimMunLaos-73_horn-1,,KimMunLaos,73_horn,kjoŋ⁵³,kjoŋ⁵³,k j o ŋ ⁵³,,,,
KimMunLaos-111_tail-1,,KimMunLaos,111_tail,təj³³,təj³³,t ə j ³³,,,,
KimMunLaos-25_elephant-1,,KimMunLaos,25_elephant,kjaŋ³⁴¹,kjaŋ³⁴¹,k j a ŋ ³⁴¹,,,,
KimMunLaos-13_bird-1,,KimMunLaos,13_bird,nɔ²¹,nɔ²¹,n ɔ ²¹,,,,
KimMunLaos-71_birdsnest-1,,KimMunLaos,71_birdsnest,nɔ²¹gjaw³⁴¹,nɔ²¹gjaw³⁴¹,n ɔ ²¹ + g j a w ³⁴¹,,,,
KimMunLaos-75_wing-1,,KimMunLaos,75_wing,da:t⁵³,da:t⁵³,d aː t ⁵³,,,,
KimMunLaos-76_feather-1,,KimMunLaos,76_feather,nɔ²¹pje⁵³,nɔ²¹pje⁵³,n ɔ ²¹ + p j e ⁵³,,,,
KimMunLaos-633_tofly-1,,KimMunLaos,633_tofly,da:j³⁵,da:j³⁵,d aː j ³⁵,,,,
KimMunLaos-94_egg-1,,KimMunLaos,94_egg,kjaw¹³,kjaw¹³,k j a w ¹³,,,,
KimMunLaos-16_chicken-1,,KimMunLaos,16_chicken,ȶɐ⁵³,ȶɐ⁵³,ȶ ɐ ⁵³,,,,
KimMunLaos-26_duck-1,,KimMunLaos,26_duck,a:p⁵³,a:p⁵³,aː p ⁵³,,,,
KimMunLaos-18_fish-1,,KimMunLaos,18_fish,bjaw³⁴¹,bjaw³⁴¹,b j a w ³⁴¹,,,,
KimMunLaos-7_snake-1,,KimMunLaos,7_snake,na:ŋ⁵³,na:ŋ⁵³,n aː ŋ ⁵³,,,,
KimMunLaos-27_houselizard-1,,KimMunLaos,27_houselizard,kə.dun³¹,kə.dun³¹,k ə ⁰ + d u n ³¹,,,,
KimMunLaos-10_turtle-1,,KimMunLaos,10_turtle,tu²¹,tu²¹,t u ²¹,,,,
KimMunLaos-28_crocodile-1,,KimMunLaos,28_crocodile,tu³³ȵe³⁴¹tu³³da:n³¹,tu³³ȵe³⁴¹tu³³da:n³¹,t u ³³ + ȵ e ³⁴¹ + t u ³³ + d aː n ³¹,,,,
KimMunLaos-2_frog-1,,KimMunLaos,2_frog,ȶɛŋ³³,ȶɛŋ³³,ȶ ɛ ŋ ³³,,,,
KimMunLaos-29_tadpole-1,,KimMunLaos,29_tadpole,ȶɛŋ³³plɔŋ¹³,ȶɛŋ³³plɔŋ¹³,ȶ ɛ ŋ ³³ + p l ɔ ŋ ¹³,,,,
KimMunLaos-8_spider-1,,KimMunLaos,8_spider,kjiŋ⁵³ȵa:³³,kjiŋ⁵³ȵa:³³,k j i ŋ ⁵³ + ȵ aː ³³,,,,
KimMunLaos-72_spiderweb-1,,KimMunLaos,72_spiderweb,kjiŋ⁵³ȵa³³θa:ŋ⁵³,kjiŋ⁵³ȵa³³θa:ŋ⁵³,k j i ŋ ⁵³ + ȵ a ³³ + θ aː ŋ ⁵³,,,,
KimMunLaos-30_lousehead-1,,KimMunLaos,30_lousehead,θe¹¹,θe¹¹,θ e ¹¹,,,,
KimMunLaos-31_termite-1,,KimMunLaos,31_termite,sə.bla:w³¹,sə.bla:w³¹,s ə ⁰ + b l aː w ³¹,,,,
KimMunLaos-32_cockroach-1,,KimMunLaos,32_cockroach,bjan³⁴¹,bjan³⁴¹,b j a n ³⁴¹,,,,
KimMunLaos-6_snail-1,,KimMunLaos,6_snail,kwe⁵³,kwe⁵³,kʷ e ⁵³,,,,
KimMunLaos-4_mosquito-1,,KimMunLaos,4_mosquito,ȶim⁵³ȶa:j⁵³,ȶim⁵³ȶa:j⁵³,ȶ i m ⁵³ + ȶ aː j ⁵³,,,,
KimMunLaos-12_bee-1,,KimMunLaos,12_bee,məj³⁴¹,məj³⁴¹,m ə j ³⁴¹,,,,
KimMunLaos-19_fly-1,,KimMunLaos,19_fly,kjiŋ⁵³gjəm³⁵,kjiŋ⁵³gjəm³⁵,k j i ŋ ⁵³ + g j ə m ³⁵,,,,
KimMunLaos-33_butterfly-1,,KimMunLaos,33_butterfly,pluŋ³¹blo³⁴¹,pluŋ³¹blo³⁴¹,p l u ŋ ³¹ + b l o ³⁴¹,,,,
KimMunLaos-34_scorpion-1,,KimMunLaos,34_scorpion,θap³¹kɔŋ⁵³,θap³¹kɔŋ⁵³,θ a p ³¹ + k ɔ ŋ ⁵³,,,,
KimMunLaos-11_earthworm-1,,KimMunLaos,11_earthworm,duŋ³¹na:ŋ⁵³,duŋ³¹na:ŋ⁵³,d u ŋ ³¹ + n aː ŋ ⁵³,,,,
KimMunLaos-101_head-1,,KimMunLaos,101_head,pje³³,pje³³,p j e ³³,,,,
KimMunLaos-96_face-1,,KimMunLaos,96_face,min³⁵,min³⁵,m i n ³⁵,,,,
KimMunLaos-93_brain-1,,KimMunLaos,93_brain,pje³³le²¹,pje³³le²¹,p j e ³³ + l e ²¹,,,,
KimMunLaos-118_hair-1,,KimMunLaos,118_hair,pje³³doŋ⁵³,pje³³doŋ⁵³,p j e ³³ + d o ŋ ⁵³,,,,
KimMunLaos-119_forehead-1,,KimMunLaos,119_forehead,min³⁵dup²¹,min³⁵dup²¹,m i n ³⁵ + d u p ²¹,,,,
KimMunLaos-120_eyebrow-1,,KimMunLaos,120_eyebrow,məj²¹jap³⁵pje⁵³,məj²¹jap³⁵pje⁵³,m ə j ²¹ + j a p ³⁵ + p j e ⁵³,,,,
KimMunLaos-95_eye-1,,KimMunLaos,95_eye,məj²¹,məj²¹,m ə j ²¹,,,,
KimMunLaos-121_eyelid-1,,KimMunLaos,121_eyelid,məj²¹dup²¹,məj²¹dup²¹,m ə j ²¹ + d u p ²¹,,,,
KimMunLaos-107_nose-1,,KimMunLaos,107_nose,bu.ȶɔŋ⁵³,bu.ȶɔŋ⁵³,b u ⁰ + ȶ ɔ ŋ ⁵³,,,,
KimMunLaos-122_cheek-1,,KimMunLaos,122_cheek,min³⁵uj⁵³,min³⁵uj⁵³,m i n ³⁵ + u j ⁵³,,,,
KimMunLaos-123_ear-1,,KimMunLaos,123_ear,mə.nɔm³¹,mə.nɔm³¹,m ə ⁰ + n ɔ m ³¹,,,,
KimMunLaos-106_mouth-1,,KimMunLaos,106_mouth,ȡɛt²¹,ȡɛt²¹,ȡ ɛ t ²¹,,,,
KimMunLaos-113_tongue-1,,KimMunLaos,113_tongue,bjɛt³¹,bjɛt³¹,b j ɛ t ³¹,,,,
KimMunLaos-109_saliva-1,,KimMunLaos,109_saliva,ȡan³¹wɔm⁵³,ȡan³¹wɔm⁵³,ȡ a n ³¹ + w ɔ m ⁵³,,,,
KimMunLaos-124_tooth-1,,KimMunLaos,124_tooth,ȵa:³¹,ȵa:³¹,ȵ aː ³¹,,,,
KimMunLaos-125_gums-1,,KimMunLaos,125_gums,ȵa³¹lɔŋ³⁵,ȵa³¹lɔŋ³⁵,ȵ a ³¹ + l ɔ ŋ ³⁵,,,,
KimMunLaos-115_chin-1,,KimMunLaos,115_chin,klaŋ⁵³ŋam³⁴¹,klaŋ⁵³ŋam³⁴¹,k l a ŋ ⁵³ + ŋ a m ³⁴¹,,,,
KimMunLaos-90_beard-1,,KimMunLaos,90_beard,ȡɛt²¹θɔm³⁵,ȡɛt²¹θɔm³⁵,ȡ ɛ t ²¹ + θ ɔ m ³⁵,,,,
KimMunLaos-89_back-1,,KimMunLaos,89_back,tan³³ka:n⁵³,tan³³ka:n⁵³,t a n ³³ + k aː n ⁵³,,,,
KimMunLaos-117_navel-1,,KimMunLaos,117_navel,ȵo¹¹dut⁵³kla:ŋ⁵³,ȵo¹¹dut⁵³kla:ŋ⁵³,ȵ o ¹¹ + d u t ⁵³ + k l aː ŋ ⁵³,,,,
KimMunLaos-102_heart-1,,KimMunLaos,102_heart,θim⁵³ta:w³¹,θim⁵³ta:w³¹,θ i m ⁵³ + t aː w ³¹,,,,
KimMunLaos-105_lungs-1,,KimMunLaos,105_lungs,klum³⁵,klum³⁵,k l u m ³⁵,,,,
KimMunLaos-104_liver-1,,KimMunLaos,104_liver,gjan³⁵,gjan³⁵,g j a n ³⁵,,,,
KimMunLaos-126_intestines-1,,KimMunLaos,126_intestines,kla:ŋ³¹,kla:ŋ³¹,k l aː ŋ ³¹,,,,
KimMunLaos-100_hand-1,,KimMunLaos,100_hand,pu³⁴¹,pu³⁴¹,p u ³⁴¹,,,,
KimMunLaos-127_elbow-1,,KimMunLaos,127_elbow,θe³¹ȡɔŋ⁵³,θe³¹ȡɔŋ⁵³,θ e ³¹ + ȡ ɔ ŋ ⁵³,,,,
KimMunLaos-128_armpit-1,,KimMunLaos,128_armpit,kə.ȡap³¹di³³,kə.ȡap³¹di³³,k ə ⁰ + ȡ a p ³¹ + d i ³³,,,,
KimMunLaos-129_palm-1,,KimMunLaos,129_palm,pu³⁴¹pin³³,pu³⁴¹pin³³,p u ³⁴¹ + p i n ³³,,,,
KimMunLaos-98_finger-1,,KimMunLaos,98_finger,pu³⁴¹dɔ⁵³,pu³⁴¹dɔ⁵³,p u ³⁴¹ + d ɔ ⁵³,,,,
KimMunLaos-99_fingernail-1,,KimMunLaos,99_fingernail,pu³⁴¹dɔ⁵³waj¹³,pu³⁴¹dɔ⁵³waj¹³,p u ³⁴¹ + d ɔ ⁵³ + w a j ¹³,,,,
KimMunLaos-130_buttocks-1,,KimMunLaos,130_buttocks,kə.da:j³³,kə.da:j³³,k ə ⁰ + d aː j ³³,,,,
KimMunLaos-103_leg-1,,KimMunLaos,103_leg,θaw³³kla:ŋ⁵³,θaw³³kla:ŋ⁵³,θ a w ³³ + k l aː ŋ ⁵³,,,,
KimMunLaos-112_thigh-1,,KimMunLaos,112_thigh,θaw³³bɔŋ³³,θaw³³bɔŋ³³,θ a w ³³ + b ɔ ŋ ³³,,,,
KimMunLaos-131_knee-1,,KimMunLaos,131_knee,ni³⁵ȶoŋ⁵³,ni³⁵ȶoŋ⁵³,n i ³⁵ + ȶ o ŋ ⁵³,,,,
KimMunLaos-132_calf-1,,KimMunLaos,132_calf,θaw³³ȡiŋ³³,θaw³³ȡiŋ³³,θ a w ³³ + ȡ i ŋ ³³,,,,
KimMunLaos-133_shin-1,,KimMunLaos,133_shin,θaw³³min³⁵,θaw³³min³⁵,θ a w ³³ + m i n ³⁵,,,,
KimMunLaos-134_foot-1,,KimMunLaos,134_foot,θaw¹³,θaw¹³,θ a w ¹³,,,,
KimMunLaos-116_heel-1,,KimMunLaos,116_heel,θaw³³ȡɛŋ⁵³,θaw³³ȡɛŋ⁵³,θ a w ³³ + ȡ ɛ ŋ ⁵³,,,,
KimMunLaos-92_bone-1,,KimMunLaos,92_bone,θuŋ³³,θuŋ³³,θ u ŋ ³³,,,,
KimMunLaos-136_flesh-1,,KimMunLaos,136_flesh,a³³ȡa:j⁵³,a³³ȡa:j⁵³,a ³³ + ȡ aː j ⁵³,,,,
KimMunLaos-463_fat-1,,KimMunLaos,463_fat,məj³⁵pi³¹,məj³⁵pi³¹,m ə j ³⁵ + p i ³¹,,,,
KimMunLaos-110_skin-1,,KimMunLaos,110_skin,dup²¹,dup²¹,d u p ²¹,,,,
KimMunLaos-91_blood-1,,KimMunLaos,91_blood,sa:m¹¹,sa:m¹¹,s aː m ¹¹,,,,
KimMunLaos-137_sweat-1,,KimMunLaos,137_sweat,ha:n¹¹,ha:n¹¹,h aː n ¹¹,,,,
KimMunLaos-108_pus-1,,KimMunLaos,108_pus,saŋ³¹nuŋ²¹,saŋ³¹nuŋ²¹,s a ŋ ³¹ + n u ŋ ²¹,,,,
KimMunLaos-97_excrement-1,,KimMunLaos,97_excrement,da:j³³,da:j³³,d aː j ³³,,,,
KimMunLaos-114_urine-1,,KimMunLaos,114_urine,wa³⁴¹,wa³⁴¹,w a ³⁴¹,,,,
KimMunLaos-412_i1s-1,,KimMunLaos,412_i1s,ja⁵³,ja⁵³,j a ⁵³,,,,
KimMunLaos-413_thou2s-1,,KimMunLaos,413_thou2s,məj³¹,məj³¹,m ə j ³¹,,,,
KimMunLaos-415_hesheit-1,,KimMunLaos,415_hesheit,θi⁵³,θi⁵³,θ i ⁵³,,,,
KimMunLaos-415_hesheit-2,,KimMunLaos,415_hesheit,mun³¹,mun³¹,m u n ³¹,,,,
KimMunLaos-416_we1p-1,,KimMunLaos,416_we1p,pan³¹ti³¹doj³¹,pan³¹ti³¹doj³¹,p a n ³¹ + t i ³¹ + d o j ³¹,,,,
KimMunLaos-417_you2p-1,,KimMunLaos,417_you2p,ȵo³¹,ȵo³¹,ȵ o ³¹,,,,
KimMunLaos-404_they-1,,KimMunLaos,404_they,θi³¹tin³¹doj³¹,θi³¹tin³¹doj³¹,θ i ³¹ + t i n ³¹ + d o j ³¹,,,,
KimMunLaos-408_man-1,,KimMunLaos,408_man,mun³¹tɔn⁵³,mun³¹tɔn⁵³,m u n ³¹ + t ɔ n ⁵³,,,,
KimMunLaos-403_woman-1,,KimMunLaos,403_woman,mun³¹ȡi³⁴¹,mun³¹ȡi³⁴¹,m u n ³¹ + ȡ i ³⁴¹,,,,
KimMunLaos-418_father-1,,KimMunLaos,418_father,fa:³³,fa:³³,f aː ³³,,,,
KimMunLaos-409_mother-1,,KimMunLaos,409_mother,ȡi³⁴¹,ȡi³⁴¹,ȡ i ³⁴¹,,,,
KimMunLaos-406_child-1,,KimMunLaos,406_child,səj³³,səj³³,s ə j ³³,,,,
KimMunLaos-407_husband-1,,KimMunLaos,407_husband,la:ŋ³¹,la:ŋ³¹,l aː ŋ ³¹,,,,
KimMunLaos-411_wife-1,,KimMunLaos,411_wife,aw³³,aw³³,a w ³³,,,,
KimMunLaos-410_widow-1,,KimMunLaos,410_widow,mun³¹ȡi³⁴¹kwa:³³,mun³¹ȡi³⁴¹kwa:³³,m u n ³¹ + ȡ i ³⁴¹ + kʷ aː ³³,,,,
KimMunLaos-419_brotherelderoff-1,,KimMunLaos,419_brotherelderoff,pɛ⁵³,pɛ⁵³,p ɛ ⁵³,,,,
KimMunLaos-420_brotherelderofm-1,,KimMunLaos,420_brotherelderofm,ȵaːm³³,ȵaːm³³,ȵ aː m ³³,,,,
KimMunLaos-421_sisterelderoff-1,,KimMunLaos,421_sisterelderoff,ȵaːm⁵³,ȵaːm⁵³,ȵ aː m ⁵³,,,,
KimMunLaos-422_sisterelderofm-1,,KimMunLaos,422_sisterelderofm,həj³¹,həj³¹,h ə j ³¹,,,,
KimMunLaos-423_brotheryoungeroff-1,,KimMunLaos,423_brotheryoungeroff,jo³⁴¹,jo³⁴¹,j o ³⁴¹,,,,
KimMunLaos-424_brotheryoungerofm-1,,KimMunLaos,424_brotheryoungerofm,naw³⁴¹,naw³⁴¹,n a w ³⁴¹,,,,
KimMunLaos-425_sisteryoungeroff-1,,KimMunLaos,425_sisteryoungeroff,mu²¹,mu²¹,m u ²¹,,,,
KimMunLaos-426_sisteryoungerofm-1,,KimMunLaos,426_sisteryoungerofm,θa:j¹³,θa:j¹³,θ aː j ¹³,,,,
KimMunLaos-427_friend-1,,KimMunLaos,427_friend,pɛw³⁵,pɛw³⁵,p ɛ w ³⁵,,,,
KimMunLaos-427_friend-2,,KimMunLaos,427_friend,lo³³toj²¹,lo³³toj²¹,l o ³³ + t o j ²¹,,,,
KimMunLaos-405_name-1,,KimMunLaos,405_name,bu¹³,bu¹³,b u ¹³,,,,
KimMunLaos-603_village-1,,KimMunLaos,603_village,gjaŋ³⁴¹,gjaŋ³⁴¹,g j a ŋ ³⁴¹,,,,
KimMunLaos-604_roadpath-1,,KimMunLaos,604_roadpath,kjaw³³,kjaw³³,k j a w ³³,,,,
KimMunLaos-602_boat-1,,KimMunLaos,602_boat,da:ŋ¹¹,da:ŋ¹¹,d aː ŋ ¹¹,,,,
KimMunLaos-280_house-1,,KimMunLaos,280_house,pjaw³³,pjaw³³,p j a w ³³,,,,
KimMunLaos-279_door-1,,KimMunLaos,279_door,kjɛŋ³¹,kjɛŋ³¹,k j ɛ ŋ ³¹,,,,
KimMunLaos-283_window-1,,KimMunLaos,283_window,kjɛŋ³¹kjan⁵³,kjɛŋ³¹kjan⁵³,k j ɛ ŋ ³¹ + k j a n ⁵³,,,,
KimMunLaos-284_roof-1,,KimMunLaos,284_roof,pjaw³³tuŋ¹³,pjaw³³tuŋ¹³,p j a w ³³ + t u ŋ ¹³,,,,
KimMunLaos-285_wallofhouse-1,,KimMunLaos,285_wallofhouse,pjaw³³gɔŋ³⁴¹,pjaw³³gɔŋ³⁴¹,p j a w ³³ + g ɔ ŋ ³⁴¹,,,,
KimMunLaos-282_pillow-1,,KimMunLaos,282_pillow,tuŋ³¹ȡɔm¹³,tuŋ³¹ȡɔm¹³,t u ŋ ³¹ + ȡ ɔ m ¹³,,,,
KimMunLaos-278_blanket-1,,KimMunLaos,278_blanket,θɔŋ³⁵,θɔŋ³⁵,θ ɔ ŋ ³⁵,,,,
KimMunLaos-281_mat-1,,KimMunLaos,281_mat,tuŋ³¹tim²¹,tuŋ³¹tim²¹,t u ŋ ³¹ + t i m ²¹,,,,
KimMunLaos-78_clothing-1,,KimMunLaos,78_clothing,guj⁵³,guj⁵³,g u j ⁵³,,,,
KimMunLaos-653_toweavecloth-1,,KimMunLaos,653_toweavecloth,puj³³kan³⁵,puj³³kan³⁵,p u j ³³ + k a n ³⁵,,,,
KimMunLaos-654_todyecloth-1,,KimMunLaos,654_todyecloth,ȵum³³puj¹³,ȵum³³puj¹³,ȵ u m ³³ + p u j ¹³,,,,
KimMunLaos-79_trousers-1,,KimMunLaos,79_trousers,kwa:³⁵,kwa:³⁵,kʷ aː ³⁵,,,,
KimMunLaos-655_tosew-1,,KimMunLaos,655_tosew,gɔn³¹,gɔn³¹,g ɔ n ³¹,,,,
KimMunLaos-560_needle-1,,KimMunLaos,560_needle,θim³⁵,θim³⁵,θ i m ³⁵,,,,
KimMunLaos-559_comb-1,,KimMunLaos,559_comb,ȶa⁵³,ȶa⁵³,ȶ a ⁵³,,,,
KimMunLaos-80_ringfinger-1,,KimMunLaos,80_ringfinger,mun³³se³³gɛŋ¹³,mun³³se³³gɛŋ¹³,m u n ³³ + s e ³³ + g ɛ ŋ ¹³,,,,
KimMunLaos-570_papercord-1,,KimMunLaos,570_papercord,ȶe³³,ȶe³³,ȶ e ³³,,,,
KimMunLaos-571_potcooking-1,,KimMunLaos,571_potcooking,mɔ³³,mɔ³³,m ɔ ³³,,,,
KimMunLaos-572_spoon-2,,KimMunLaos,572_spoon,ȶə̌³¹kun⁵³,ȶə̌³¹kun⁵³,ȶ ə̌ ³¹ + k u n ⁵³,,,,
KimMunLaos-290_fire-1,,KimMunLaos,290_fire,to³⁴¹,to³⁴¹,t o ³⁴¹,,,,
KimMunLaos-291_ashes-1,,KimMunLaos,291_ashes,to³⁴¹sa:j¹¹,to³⁴¹sa:j¹¹,t o ³⁴¹ + s aː j ¹¹,,,,
KimMunLaos-318_smoke-1,,KimMunLaos,318_smoke,to³⁴¹so³⁵,to³⁴¹so³⁵,t o ³⁴¹ + s o ³⁵,,,,
KimMunLaos-573_candle-1,,KimMunLaos,573_candle,ȶo⁵³,ȶo⁵³,ȶ o ⁵³,,,,
KimMunLaos-656_tomove-1,,KimMunLaos,656_tomove,θuj¹¹,θuj¹¹,θ u j ¹¹,,,,
KimMunLaos-286_coffin-1,,KimMunLaos,286_coffin,bin³³,bin³³,b i n ³³,,,,
KimMunLaos-574_tools-1,,KimMunLaos,574_tools,ȶə.ðaj³³,ȶə.ðaj³³,ȶ ə ⁰ + ð a j ³³,,,,
KimMunLaos-575_scissors-1,,KimMunLaos,575_scissors,ȡu²¹,ȡu²¹,ȡ u ²¹,,,,
KimMunLaos-565_knife-1,,KimMunLaos,565_knife,ȡu²¹ðɛm³¹,ȡu²¹ðɛm³¹,ȡ u ²¹ + ð ɛ m ³¹,,,,
KimMunLaos-657_tosharpenaknife-1,,KimMunLaos,657_tosharpenaknife,ȡo³⁵ȡu²¹,ȡo³⁵ȡu²¹,ȡ o ³⁵ + ȡ u ²¹,,,,
KimMunLaos-658_topierce-1,,KimMunLaos,658_topierce,lɔm³⁵,lɔm³⁵,l ɔ m ³⁵,,,,
KimMunLaos-564_hammer-1,,KimMunLaos,564_hammer,ban³³ȡe⁵³,ban³³ȡe⁵³,b a n ³³ + ȡ e ⁵³,,,,
KimMunLaos-659_tohammer-1,,KimMunLaos,659_tohammer,kəj³⁵,kəj³⁵,k ə j ³⁵,,,,
KimMunLaos-561_axe-1,,KimMunLaos,561_axe,po³³,po³³,p o ³³,,,,
KimMunLaos-660_toroll-1,,KimMunLaos,660_toroll,pluj⁵³,pluj⁵³,p l u j ⁵³,,,,
KimMunLaos-576_ropes-1,,KimMunLaos,576_ropes,la:ŋ³⁵,la:ŋ³⁵,l aː ŋ ³⁵,,,,
KimMunLaos-577_basket-1,,KimMunLaos,577_basket,da:n⁵³,da:n⁵³,d aː n ⁵³,,,,
KimMunLaos-578_whistle-1,,KimMunLaos,578_whistle,nɔ³³dɔŋ³¹,nɔ³³dɔŋ³¹,n ɔ ³³ + d ɔ ŋ ³¹,,,,
KimMunLaos-579_matches-1,,KimMunLaos,579_matches,jaŋ⁵³hɔ³³,jaŋ⁵³hɔ³³,j a ŋ ⁵³ + h ɔ ³³,,,,
KimMunLaos-630_tohear-1,,KimMunLaos,630_tohear,tu⁵³nuŋ³⁵,tu⁵³nuŋ³⁵,t u ⁵³ + n u ŋ ³⁵,,,,
KimMunLaos-661_smell-1,,KimMunLaos,661_smell,si³³da:ŋ⁵³,si³³da:ŋ⁵³,s i ³³ + d aː ŋ ⁵³,,,,
KimMunLaos-625_tosee-1,,KimMunLaos,625_tosee,fat²¹,fat²¹,f a t ²¹,,,,
KimMunLaos-662_towink-1,,KimMunLaos,662_towink,ȡip²¹məj²¹,ȡip²¹məj²¹,ȡ i p ²¹ + m ə j ²¹,,,,
KimMunLaos-663_toweep-1,,KimMunLaos,663_toweep,ha:w³¹,ha:w³¹,h aː w ³¹,,,,
KimMunLaos-634_toeat-1,,KimMunLaos,634_toeat,ȵin³³,ȵin³³,ȵ i n ³³,,,,
KimMunLaos-664_toswallow-1,,KimMunLaos,664_toswallow,na⁵³,na⁵³,n a ⁵³,,,,
KimMunLaos-665_tobehungry-1,,KimMunLaos,665_tobehungry,ȵo³¹sa:¹³,ȵo³¹sa:¹³,ȵ o ³¹ + s aː ¹³,,,,
KimMunLaos-666_tobefull-1,,KimMunLaos,666_tobefull,piw³³,piw³³,p i w ³³,,,,
KimMunLaos-667_tobethirsty-1,,KimMunLaos,667_tobethirsty,ȵo³¹ga:t³¹,ȵo³¹ga:t³¹,ȵ o ³¹ + g aː t ³¹,,,,
KimMunLaos-635_todrink-1,,KimMunLaos,635_todrink,hɔp³⁵wɔm⁵³,hɔp³⁵wɔm⁵³,h ɔ p ³⁵ + w ɔ m ⁵³,,,,
KimMunLaos-668_tobedrunk-1,,KimMunLaos,668_tobedrunk,bin⁵³,bin⁵³,b i n ⁵³,,,,
KimMunLaos-669_tovomit-1,,KimMunLaos,669_tovomit,u³³,u³³,u ³³,,,,
KimMunLaos-670_tospit-1,,KimMunLaos,670_tospit,ȡo³⁴¹ȡa:n⁵³,ȡo³⁴¹ȡa:n⁵³,ȡ o ³⁴¹ + ȡ aː n ⁵³,,,,
KimMunLaos-671_tocough-1,,KimMunLaos,671_tocough,saŋ³¹ha:³⁵,saŋ³¹ha:³⁵,s a ŋ ³¹ + h aː ³⁵,,,,
KimMunLaos-672_tosneeze-1,,KimMunLaos,672_tosneeze,saŋ³¹ha³⁵kjan⁵³,saŋ³¹ha³⁵kjan⁵³,s a ŋ ³¹ + h a ³⁵ + k j a n ⁵³,,,,
KimMunLaos-673_toyawn-1,,KimMunLaos,673_toyawn,kaw³¹ŋɔp⁵³,kaw³¹ŋɔp⁵³,k a w ³¹ + ŋ ɔ p ⁵³,,,,
KimMunLaos-674_tobreathe-1,,KimMunLaos,674_tobreathe,tɔŋ³³si³⁵,tɔŋ³³si³⁵,t ɔ ŋ ³³ + s i ³⁵,,,,
KimMunLaos-640_toblow-1,,KimMunLaos,640_toblow,pjɔm³³,pjɔm³³,p j ɔ m ³³,,,,
KimMunLaos-675_tosuck-1,,KimMunLaos,675_tosuck,dut⁵³,dut⁵³,d u t ⁵³,,,,
KimMunLaos-675_tosuck-2,,KimMunLaos,675_tosuck,hɔp³⁵,hɔp³⁵,h ɔ p ³⁵,,,,
KimMunLaos-676_tolick-1,,KimMunLaos,676_tolick,klim³⁴¹,klim³⁴¹,k l i m ³⁴¹,,,,
KimMunLaos-677_tosmile-1,,KimMunLaos,677_tosmile,kjət²¹,kjət²¹,k j ə t ²¹,,,,
KimMunLaos-678_tolaugh-1,,KimMunLaos,678_tolaugh,kjət²¹,kjət²¹,k j ə t ²¹,,,,
KimMunLaos-679_tospeak-1,,KimMunLaos,679_tospeak,kɔŋ³³,kɔŋ³³,k ɔ ŋ ³³,,,,
KimMunLaos-615_totell-1,,KimMunLaos,615_totell,bu¹³,bu¹³,b u ¹³,,,,
KimMunLaos-680_toshout-1,,KimMunLaos,680_toshout,ha:m³⁵,ha:m³⁵,h aː m ³⁵,,,,
KimMunLaos-642_toanswer-1,,KimMunLaos,642_toanswer,ta:w⁵³,ta:w⁵³,t aː w ⁵³,,,,
KimMunLaos-681_toliefib-1,,KimMunLaos,681_toliefib,puŋ³³ma:w³¹,puŋ³³ma:w³¹,p u ŋ ³³ + m aː w ³¹,,,,
KimMunLaos-682_tosing-1,,KimMunLaos,682_tosing,aj¹¹ȡuŋ⁵³,aj¹¹ȡuŋ⁵³,a j ¹¹ + ȡ u ŋ ⁵³,,,,
KimMunLaos-683_tothink-1,,KimMunLaos,683_tothink,ȵe³¹,ȵe³¹,ȵ e ³¹,,,,
KimMunLaos-629_toknow-1,,KimMunLaos,629_toknow,pəj⁵³,pəj⁵³,p ə j ⁵³,,,,
KimMunLaos-632_toforget-1,,KimMunLaos,632_toforget,ȵo¹¹kɔ³³,ȵo¹¹kɔ³³,ȵ o ¹¹ + k ɔ ³³,,,,
KimMunLaos-684_tolove-1,,KimMunLaos,684_tolove,oj¹³,oj¹³,o j ¹³,,,,
KimMunLaos-685_tohate-1,,KimMunLaos,685_tohate,han¹¹,han¹¹,h a n ¹¹,,,,
KimMunLaos-614_towait-1,,KimMunLaos,614_towait,ȶu³³,ȶu³³,ȶ u ³³,,,,
KimMunLaos-686_tocount-1,,KimMunLaos,686_tocount,θa:w¹¹,θa:w¹¹,θ aː w ¹¹,,,,
KimMunLaos-687_tobeafraid-1,,KimMunLaos,687_tobeafraid,kum³¹ȡa:³³,kum³¹ȡa:³³,k u m ³¹ + ȡ aː ³³,,,,
KimMunLaos-688_tobeangry-1,,KimMunLaos,688_tobeangry,si²¹,si²¹,s i ²¹,,,,
KimMunLaos-622_tosleep-1,,KimMunLaos,622_tosleep,fəj¹³,fəj¹³,f ə j ¹³,,,,
KimMunLaos-689_tosnore-1,,KimMunLaos,689_tosnore,da:n³¹,da:n³¹,d aː n ³¹,,,,
KimMunLaos-690_todream-1,,KimMunLaos,690_todream,bwe¹³,bwe¹³,b w e ¹³,,,,
KimMunLaos-469_medicine-1,,KimMunLaos,469_medicine,maː¹¹,maː¹¹,m aː ¹¹,,,,
KimMunLaos-691_toitch-1,,KimMunLaos,691_toitch,sɛt³⁵,sɛt³⁵,s ɛ t ³⁵,,,,
KimMunLaos-692_toscratch-1,,KimMunLaos,692_toscratch,ȵa:j³³,ȵa:j³³,ȵ aː j ³³,,,,
KimMunLaos-693_toshiver-1,,KimMunLaos,693_toshiver,sin¹³,sin¹³,s i n ¹³,,,,
KimMunLaos-637_todie-1,,KimMunLaos,637_todie,taj²¹,taj²¹,t a j ²¹,,,,
KimMunLaos-694_ghost-1,,KimMunLaos,694_ghost,ma:n¹¹,ma:n¹¹,m aː n ¹¹,,,,
KimMunLaos-623_tosit-1,,KimMunLaos,623_tosit,θəj³⁴¹,θəj³⁴¹,θ ə j ³⁴¹,,,,
KimMunLaos-620_tostand-1,,KimMunLaos,620_tostand,θow²¹,θow²¹,θ o w ²¹,,,,
KimMunLaos-695_tokneel-1,,KimMunLaos,695_tokneel,kwe²¹,kwe²¹,kʷ e ²¹,,,,
KimMunLaos-613_towalk-1,,KimMunLaos,613_towalk,ja:ŋ³¹,ja:ŋ³¹,j aː ŋ ³¹,,,,
KimMunLaos-696_tocrawl-1,,KimMunLaos,696_tocrawl,ȵoŋ⁵³,ȵoŋ⁵³,ȵ o ŋ ⁵³,,,,
KimMunLaos-638_tocome-1,,KimMunLaos,638_tocome,ta:j⁵³,ta:j⁵³,t aː j ⁵³,,,,
KimMunLaos-697_toenter-1,,KimMunLaos,697_toenter,ȡa²¹,ȡa²¹,ȡ a ²¹,,,,
KimMunLaos-627_toreturn-1,,KimMunLaos,627_toreturn,fun³³da:ŋ⁵³,fun³³da:ŋ⁵³,f u n ³³ + d aː ŋ ⁵³,,,,
KimMunLaos-698_topush-1,,KimMunLaos,698_topush,ȵɔŋ¹¹,ȵɔŋ¹¹,ȵ ɔ ŋ ¹¹,,,,
KimMunLaos-628_topull-1,,KimMunLaos,628_topull,dan¹³,dan¹³,d a n ¹³,,,,
KimMunLaos-699_tokick-1,,KimMunLaos,699_tokick,ti³³,ti³³,t i ³³,,,,
KimMunLaos-700_tothrow-1,,KimMunLaos,700_tothrow,biw³⁵,biw³⁵,b i w ³⁵,,,,
KimMunLaos-700_tothrow-2,,KimMunLaos,700_tothrow,gwɛŋ²¹,gwɛŋ²¹,gʷ ɛ ŋ ²¹,,,,
KimMunLaos-701_tofall-1,,KimMunLaos,701_tofall,tuj⁵³,tuj⁵³,t u j ⁵³,,,,
KimMunLaos-616_toswim-1,,KimMunLaos,616_toswim,kjo³¹wɔm⁵³,kjo³¹wɔm⁵³,k j o ³¹ + w ɔ m ⁵³,,,,
KimMunLaos-631_togive-1,,KimMunLaos,631_togive,fun⁵³,fun⁵³,f u n ⁵³,,,,
KimMunLaos-702_totie-1,,KimMunLaos,702_totie,θa:j³⁵,θa:j³⁵,θ aː j ³⁵,,,,
KimMunLaos-703_towipe-1,,KimMunLaos,703_towipe,θɔt³⁵,θɔt³⁵,θ ɔ t ³⁵,,,,
KimMunLaos-704_tohit-1,,KimMunLaos,704_tohit,pa:n¹³,pa:n¹³,p aː n ¹³,,,,
KimMunLaos-705_tosplit-1,,KimMunLaos,705_tosplit,pa:j³⁵,pa:j³⁵,p aː j ³⁵,,,,
KimMunLaos-706_tocuthair-1,,KimMunLaos,706_tocuthair,te³⁵pje³³,te³⁵pje³³,t e ³⁵ + p j e ³³,,,,
KimMunLaos-707_tostab-1,,KimMunLaos,707_tostab,lɔm³⁵,lɔm³⁵,l ɔ m ³⁵,,,,
KimMunLaos-708_togrind-1,,KimMunLaos,708_togrind,ma:³¹,ma:³¹,m aː ³¹,,,,
KimMunLaos-710_todig-1,,KimMunLaos,710_todig,wit⁵³,wit⁵³,w i t ⁵³,,,,
KimMunLaos-711_toburyacorpse-1,,KimMunLaos,711_toburyacorpse,θo³³,θo³³,θ o ³³,,,,
KimMunLaos-712_todrysth-1,,KimMunLaos,712_todrysth,fa:j³⁵,fa:j³⁵,f aː j ³⁵,,,,
KimMunLaos-713_topoundrice-1,,KimMunLaos,713_topoundrice,ȶup³⁵məj¹¹,ȶup³⁵məj¹¹,ȶ u p ³⁵ + m ə j ¹¹,,,,
KimMunLaos-715_toburn-1,,KimMunLaos,715_toburn,pu³³,pu³³,p u ³³,,,,
KimMunLaos-716_towork-1,,KimMunLaos,716_towork,aj³³guŋ³³po⁵³,aj³³guŋ³³po⁵³,a j ³³ + g u ŋ ³³ + p o ⁵³,,,,
KimMunLaos-717_toplay-1,,KimMunLaos,717_toplay,blan³³,blan³³,b l a n ³³,,,,
KimMunLaos-718_todance-1,,KimMunLaos,718_todance,tiw³¹ȵa:¹¹,tiw³¹ȵa:¹¹,t i w ³¹ + ȵ aː ¹¹,,,,
KimMunLaos-719_toshoot-1,,KimMunLaos,719_toshoot,fan³³,fan³³,f a n ³³,,,,
KimMunLaos-720_tohunt-1,,KimMunLaos,720_tohunt,niŋ³³kim³¹,niŋ³³kim³¹,n i ŋ ³³ + k i m ³¹,,,,
KimMunLaos-721_tofight-1,,KimMunLaos,721_tofight,ȶɛŋ⁵³,ȶɛŋ⁵³,ȶ ɛ ŋ ⁵³,,,,
KimMunLaos-639_tobuy-1,,KimMunLaos,639_tobuy,maj³⁴¹,maj³⁴¹,m a j ³⁴¹,,,,
KimMunLaos-624_tosell-1,,KimMunLaos,624_tosell,ma:j²¹,ma:j²¹,m aː j ²¹,,,,
KimMunLaos-722_toexchange-1,,KimMunLaos,722_toexchange,tiŋ³¹wan²¹,tiŋ³¹wan²¹,t i ŋ ³¹ + w a n ²¹,,,,
KimMunLaos-619_tosteal-1,,KimMunLaos,619_tosteal,aj³³θa²¹,aj³³θa²¹,a j ³³ + θ a ²¹,,,,
KimMunLaos-723_todisappear-1,,KimMunLaos,723_todisappear,ma³³sɛt³¹fa:n¹³,ma³³sɛt³¹fa:n¹³,m a ³³ + s ɛ t ³¹ + f aː n ¹³,,,,
KimMunLaos-351_1person-1,,KimMunLaos,351_1person,a³³la:n³¹,a³³la:n³¹,a ³³ + l aː n ³¹,,,,
KimMunLaos-352_2persons-1,,KimMunLaos,352_2persons,i³³la:n³¹,i³³la:n³¹,i ³³ + l aː n ³¹,,,,
KimMunLaos-353_3persons-1,,KimMunLaos,353_3persons,pu⁵³la:n³¹,pu⁵³la:n³¹,p u ⁵³ + l aː n ³¹,,,,
KimMunLaos-354_4persons-1,,KimMunLaos,354_4persons,pi⁵³la:n³¹,pi⁵³la:n³¹,p i ⁵³ + l aː n ³¹,,,,
KimMunLaos-355_5persons-1,,KimMunLaos,355_5persons,pja⁵³la:n³¹,pja⁵³la:n³¹,p j a ⁵³ + l aː n ³¹,,,,
KimMunLaos-356_6persons-1,,KimMunLaos,356_6persons,kjo⁵³la:n³¹,kjo⁵³la:n³¹,k j o ⁵³ + l aː n ³¹,,,,
KimMunLaos-357_7persons-1,,KimMunLaos,357_7persons,ȵi³¹la:n³¹,ȵi³¹la:n³¹,ȵ i ³¹ + l aː n ³¹,,,,
KimMunLaos-358_8persons-1,,KimMunLaos,358_8persons,jɛt³¹la:n³¹,jɛt³¹la:n³¹,j ɛ t ³¹ + l aː n ³¹,,,,
KimMunLaos-359_9persons-1,,KimMunLaos,359_9persons,du³³la:n³¹,du³³la:n³¹,d u ³³ + l aː n ³¹,,,,
KimMunLaos-360_10persons-1,,KimMunLaos,360_10persons,sap³¹la:n³¹,sap³¹la:n³¹,s a p ³¹ + l aː n ³¹,,,,
KimMunLaos-361_20persons-1,,KimMunLaos,361_20persons,ȵi³¹sap³¹la:n³¹,ȵi³¹sap³¹la:n³¹,ȵ i ³¹ + s a p ³¹ + l aː n ³¹,,,,
KimMunLaos-362_30persons-1,,KimMunLaos,362_30persons,θam³³sap³¹la:n³¹,θam³³sap³¹la:n³¹,θ a m ³³ + s a p ³¹ + l aː n ³¹,,,,
KimMunLaos-363_40persons-1,,KimMunLaos,363_40persons,θe³³sap³¹la:n³¹,θe³³sap³¹la:n³¹,θ e ³³ + s a p ³¹ + l aː n ³¹,,,,
KimMunLaos-364_50persons-1,,KimMunLaos,364_50persons,ŋo³⁴¹sap³¹la:n³¹,ŋo³⁴¹sap³¹la:n³¹,ŋ o ³⁴¹ + s a p ³¹ + l aː n ³¹,,,,
KimMunLaos-365_60persons-1,,KimMunLaos,365_60persons,gu³¹sap³¹la:n³¹,gu³¹sap³¹la:n³¹,g u ³¹ + s a p ³¹ + l aː n ³¹,,,,
KimMunLaos-366_70persons-1,,KimMunLaos,366_70persons,ȶɛt³⁵sap³¹la:n³¹,ȶɛt³⁵sap³¹la:n³¹,ȶ ɛ t ³⁵ + s a p ³¹ + l aː n ³¹,,,,
KimMunLaos-367_80persons-1,,KimMunLaos,367_80persons,pit⁵³sap³¹la:n³¹,pit⁵³sap³¹la:n³¹,p i t ⁵³ + s a p ³¹ + l aː n ³¹,,,,
KimMunLaos-368_90persons-1,,KimMunLaos,368_90persons,ȶu³³sap³¹la:n³¹,ȶu³³sap³¹la:n³¹,ȶ u ³³ + s a p ³¹ + l aː n ³¹,,,,
KimMunLaos-369_100persons-1,,KimMunLaos,369_100persons,a³³pe⁵³la:n³¹,a³³pe⁵³la:n³¹,a ³³ + p e ⁵³ + l aː n ³¹,,,,
KimMunLaos-370_1000persons-1,,KimMunLaos,370_1000persons,a³³tin³⁵la:n³¹,a³³tin³⁵la:n³¹,a ³³ + t i n ³⁵ + l aː n ³¹,,,,
KimMunLaos-371_10000persons-1,,KimMunLaos,371_10000persons,sap³¹tin³⁵la:n³¹,sap³¹tin³⁵la:n³¹,s a p ³¹ + t i n ³⁵ + l aː n ³¹,,,,
KimMunLaos-372_100000persons-1,,KimMunLaos,372_100000persons,a³³θe³³la:n³¹,a³³θe³³la:n³¹,a ³³ + θ e ³³ + l aː n ³¹,,,,
KimMunLaos-373_1000000persons-1,,KimMunLaos,373_1000000persons,a³³lan³¹la:n³¹,a³³lan³¹la:n³¹,a ³³ + l a n ³¹ + l aː n ³¹,,,,
KimMunLaos-374_tobemany-1,,KimMunLaos,374_tobemany,du³³la:n³¹,du³³la:n³¹,d u ³³ + l aː n ³¹,,,,
KimMunLaos-375_all-1,,KimMunLaos,375_all,θɔŋ³³ȡu³⁴¹,θɔŋ³³ȡu³⁴¹,θ ɔ ŋ ³³ + ȡ u ³⁴¹,,,,
KimMunLaos-376_some-1,,KimMunLaos,376_some,ki⁵³kla:n³¹,ki⁵³kla:n³¹,k i ⁵³ + k l aː n ³¹,,,,
KimMunLaos-377_tobefew-1,,KimMunLaos,377_tobefew,θɔ²¹,θɔ²¹,θ ɔ ²¹,,,,
KimMunLaos-378_halfaunit-1,,KimMunLaos,378_halfaunit,a³³fa:n¹³,a³³fa:n¹³,a ³³ + f aː n ¹³,,,,
KimMunLaos-251_tobebig-1,,KimMunLaos,251_tobebig,lu³⁵,lu³⁵,l u ³⁵,,,,
KimMunLaos-252_tobesmall-1,,KimMunLaos,252_tobesmall,kja:n⁵³,kja:n⁵³,k j aː n ⁵³,,,,
KimMunLaos-253_tobelong-1,,KimMunLaos,253_tobelong,da:w³³,da:w³³,d aː w ³³,,,,
KimMunLaos-254_tobeshortlength-1,,KimMunLaos,254_tobeshortlength,niŋ³³,niŋ³³,n i ŋ ³³,,,,
KimMunLaos-255_tobetall-1,,KimMunLaos,255_tobetall,gjaŋ³⁵,gjaŋ³⁵,g j a ŋ ³⁵,,,,
KimMunLaos-256_tobeshortheight-1,,KimMunLaos,256_tobeshortheight,ha:³⁵,ha:³⁵,h aː ³⁵,,,,
KimMunLaos-257_tobethick-1,,KimMunLaos,257_tobethick,hu³⁵,hu³⁵,h u ³⁵,,,,
KimMunLaos-258_tobethin-1,,KimMunLaos,258_tobethin,fa²¹,fa²¹,f a ²¹,,,,
KimMunLaos-259_tobefat-1,,KimMunLaos,259_tobefat,kun²¹,kun²¹,k u n ²¹,,,,
KimMunLaos-260_tobewidebroad-1,,KimMunLaos,260_tobewidebroad,gwaŋ³³,gwaŋ³³,gʷ a ŋ ³³,,,,
KimMunLaos-261_tobenarrow-1,,KimMunLaos,261_tobenarrow,ȡɛp³¹,ȡɛp³¹,ȡ ɛ p ³¹,,,,
KimMunLaos-262_tobedeep-1,,KimMunLaos,262_tobedeep,du⁵³,du⁵³,d u ⁵³,,,,
KimMunLaos-263_tobeshallow-1,,KimMunLaos,263_tobeshallow,gjaŋ³³,gjaŋ³³,g j a ŋ ³³,,,,
KimMunLaos-264_toberound-1,,KimMunLaos,264_toberound,klun³¹,klun³¹,k l u n ³¹,,,,
KimMunLaos-666_tobefull-2,,KimMunLaos,666_tobefull,pɔŋ³³,pɔŋ³³,p ɔ ŋ ³³,,,,
KimMunLaos-166_rightside-1,,KimMunLaos,166_rightside,bjaw³¹fa:n¹³,bjaw³¹fa:n¹³,b j a w ³¹ + f aː n ¹³,,,,
KimMunLaos-275_leftside-1,,KimMunLaos,275_leftside,θaj³³fa:n¹³,θaj³³fa:n¹³,θ a j ³³ + f aː n ¹³,,,,
KimMunLaos-267_tobestraight-1,,KimMunLaos,267_tobestraight,dɛŋ³¹,dɛŋ³¹,d ɛ ŋ ³¹,,,,
KimMunLaos-267_tobestraight-2,,KimMunLaos,267_tobestraight,saŋ¹³,saŋ¹³,s a ŋ ¹³,,,,
KimMunLaos-268_tobefar-1,,KimMunLaos,268_tobefar,ku⁵³,ku⁵³,k u ⁵³,,,,
KimMunLaos-269_tobenear-1,,KimMunLaos,269_tobenear,θat²¹,θat²¹,θ a t ²¹,,,,
KimMunLaos-276_this-1,,KimMunLaos,276_this,ne³³,ne³³,n e ³³,,,,
KimMunLaos-277_that-1,,KimMunLaos,277_that,wa:³³,wa:³³,w aː ³³,,,,
KimMunLaos-170_black-1,,KimMunLaos,170_black,kja⁵³,kja⁵³,k j a ⁵³,,,,
KimMunLaos-165_white-1,,KimMunLaos,165_white,pɛ²¹,pɛ²¹,p ɛ ²¹,,,,
KimMunLaos-167_red-1,,KimMunLaos,167_red,θi³⁵,θi³⁵,θ i ³⁵,,,,
KimMunLaos-168_green-1,,KimMunLaos,168_green,mɛŋ⁵³,mɛŋ⁵³,m ɛ ŋ ⁵³,,,,
KimMunLaos-171_yellow-1,,KimMunLaos,171_yellow,wa:ŋ³¹,wa:ŋ³¹,w aː ŋ ³¹,,,,
KimMunLaos-173_tobedirty-1,,KimMunLaos,173_tobedirty,klu³¹,klu³¹,k l u ³¹,,,,
KimMunLaos-174_tobenew-1,,KimMunLaos,174_tobenew,saŋ³⁵,saŋ³⁵,s a ŋ ³⁵,,,,
KimMunLaos-175_tobeold-1,,KimMunLaos,175_tobeold,lu³³ȵaŋ⁵³,lu³³ȵaŋ⁵³,l u ³³ + ȵ a ŋ ⁵³,,,,
KimMunLaos-176_tobedark-1,,KimMunLaos,176_tobedark,ȡam²¹,ȡam²¹,ȡ a m ²¹,,,,
KimMunLaos-177_tobebright-1,,KimMunLaos,177_tobebright,gwaŋ⁵³daŋ³⁵,gwaŋ⁵³daŋ³⁵,gʷ a ŋ ⁵³ + d a ŋ ³⁵,,,,
KimMunLaos-178_tobesweet-1,,KimMunLaos,178_tobesweet,ka:m⁵³,ka:m⁵³,k aː m ⁵³,,,,
KimMunLaos-179_tobesour-1,,KimMunLaos,179_tobesour,θuj³⁵,θuj³⁵,θ u j ³⁵,,,,
KimMunLaos-180_tobebitter-1,,KimMunLaos,180_tobebitter,im⁵³,im⁵³,i m ⁵³,,,,
KimMunLaos-181_tobespicyhot-1,,KimMunLaos,181_tobespicyhot,bja:t³¹,bja:t³¹,b j aː t ³¹,,,,
KimMunLaos-184_tobedry-1,,KimMunLaos,184_tobedry,ga:j³⁵,ga:j³⁵,g aː j ³⁵,,,,
KimMunLaos-185_tobewet-1,,KimMunLaos,185_tobewet,dɔn⁵³,dɔn⁵³,d ɔ n ⁵³,,,,
KimMunLaos-186_tobehot-1,,KimMunLaos,186_tobehot,kjom⁵³,kjom⁵³,k j o m ⁵³,,,,
KimMunLaos-187_tobecold-1,,KimMunLaos,187_tobecold,nam¹³,nam¹³,n a m ¹³,,,,
KimMunLaos-188_tobesharp-1,,KimMunLaos,188_tobesharp,gjaj²¹,gjaj²¹,g j a j ²¹,,,,
KimMunLaos-189_tobeblunt-1,,KimMunLaos,189_tobeblunt,plun¹³,plun¹³,p l u n ¹³,,,,
KimMunLaos-190_tobeheavy-1,,KimMunLaos,190_tobeheavy,ni¹¹,ni¹¹,n i ¹¹,,,,
KimMunLaos-191_tobehard-1,,KimMunLaos,191_tobehard,ȵɛŋ³¹,ȵɛŋ³¹,ȵ ɛ ŋ ³¹,,,,
KimMunLaos-192_tobesmooth-1,,KimMunLaos,192_tobesmooth,ðɛŋ³³ðo²¹,ðɛŋ³³ðo²¹,ð ɛ ŋ ³³ + ð o ²¹,,,,
KimMunLaos-193_tobefast-1,,KimMunLaos,193_tobefast,kan³³,kan³³,k a n ³³,,,,
KimMunLaos-194_tobeslow-1,,KimMunLaos,194_tobeslow,man¹¹,man¹¹,m a n ¹¹,,,,
KimMunLaos-196_tobestrong-1,,KimMunLaos,196_tobestrong,ȵɛŋ³³ga:ŋ³¹,ȵɛŋ³³ga:ŋ³¹,ȵ ɛ ŋ ³³ + g aː ŋ ³¹,,,,
KimMunLaos-196_tobestrong-2,,KimMunLaos,196_tobestrong,kjoŋ³³paŋ³⁵,kjoŋ³³paŋ³⁵,k j o ŋ ³³ + p a ŋ ³⁵,,,,
KimMunLaos-197_tobeweak-1,,KimMunLaos,197_tobeweak,də.maj³³nup³⁵,də.maj³³nup³⁵,d ə ⁰ + m a j ³³ + n u p ³⁵,,,,
KimMunLaos-198_tobeblind-1,,KimMunLaos,198_tobeblind,məj²¹bu¹¹,məj²¹bu¹¹,m ə j ²¹ + b u ¹¹,,,,
KimMunLaos-199_tobedeaf-1,,KimMunLaos,199_tobedeaf,mə.nɔm³¹duŋ⁵³,mə.nɔm³¹duŋ⁵³,m ə ⁰ + n ɔ m ³¹ + d u ŋ ⁵³,,,,
KimMunLaos-200_bald-1,,KimMunLaos,200_bald,pje³³ȡa:n³³,pje³³ȡa:n³³,p j e ³³ + ȡ aː n ³³,,,,
KimMunLaos-201_naked-1,,KimMunLaos,201_naked,ȶe³³blan⁵³,ȶe³³blan⁵³,ȶ e ³³ + b l a n ⁵³,,,,
KimMunLaos-202_tobegood-1,,KimMunLaos,202_tobegood,gɔŋ¹³,gɔŋ¹³,g ɔ ŋ ¹³,,,,
KimMunLaos-203_tobebad-1,,KimMunLaos,203_tobebad,ma³¹gɔŋ¹³,ma³¹gɔŋ¹³,m a ³¹ + g ɔ ŋ ¹³,,,,
KimMunLaos-204_tobecorrect-1,,KimMunLaos,204_tobecorrect,hɔ³³ȡo²¹,hɔ³³ȡo²¹,h ɔ ³³ + ȡ o ²¹,,,,
KimMunLaos-205_tobewrong-1,,KimMunLaos,205_tobewrong,pɛw³³,pɛw³³,p ɛ w ³³,,,,
KimMunLaos-206_warm-1,,KimMunLaos,206_warm,kjom⁵³bɔŋ³¹,kjom⁵³bɔŋ³¹,k j o m ⁵³ + b ɔ ŋ ³¹,,,,
KimMunLaos-169_cool-1,,KimMunLaos,169_cool,θiŋ¹³,θiŋ¹³,θ i ŋ ¹³,,,,
KimMunLaos-207_difficult-1,,KimMunLaos,207_difficult,ȶo²¹,ȶo²¹,ȶ o ²¹,,,,
KimMunLaos-208_easy-1,,KimMunLaos,208_easy,həj¹¹,həj¹¹,h ə j ¹¹,,,,
KimMunLaos-209_loose-1,,KimMunLaos,209_loose,lɔm¹¹,lɔm¹¹,l ɔ m ¹¹,,,,
KimMunLaos-542_when-1,,KimMunLaos,542_when,toj³¹nɔj³⁵,toj³¹nɔj³⁵,t o j ³¹ + n ɔ j ³⁵,,,,
KimMunLaos-543_where-1,,KimMunLaos,543_where,jam⁵³ti¹³,jam⁵³ti¹³,j a m ⁵³ + t i ¹³,,,,
KimMunLaos-544_who-1,,KimMunLaos,544_who,man³⁵,man³⁵,m a n ³⁵,,,,
KimMunLaos-545_what-1,,KimMunLaos,545_what,ȵin³⁴¹to³⁵,ȵin³⁴¹to³⁵,ȵ i n ³⁴¹ + t o ³⁵,,,,
KimMunLaos-546_howmany-1,,KimMunLaos,546_howmany,bu³¹la:j³⁵,bu³¹la:j³⁵,b u ³¹ + l aː j ³⁵,,,,
KimMunLaocai-35_ant-1,,KimMunLaocai,35_ant,θɐw³³,θɐw³³,θ ɐ w ³³,,,,
KimMunLaocai-46_bat-1,,KimMunLaocai,46_bat,klɐ.buj⁵²,klɐ.buj⁵²,k l ɐ ⁰ + b u j ⁵²,,,,
KimMunLaocai-1_bear-1,,KimMunLaocai,1_bear,kjɐp³³,kjɐp³³,k j ɐ p ³³,,,,
KimMunLaocai-12_bee-1,,KimMunLaocai,12_bee,mɐj³⁴¹muŋ⁴⁴,mɐj³⁴¹muŋ⁴⁴,m ɐ j ³⁴¹ + m u ŋ ⁴⁴,,,,
KimMunLaocai-13_bird-1,,KimMunLaocai,13_bird,nɔ³³,nɔ³³,n ɔ ³³,,,,
KimMunLaocai-14_buffalo-1,,KimMunLaocai,14_buffalo,ŋɔŋ¹¹,ŋɔŋ¹¹,ŋ ɔ ŋ ¹¹,,,,
KimMunLaocai-15_cat-1,,KimMunLaocai,15_cat,ma:w¹¹,ma:w¹¹,m aː w ¹¹,,,,
KimMunLaocai-57_caterpillar-1,,KimMunLaocai,57_caterpillar,buŋ³³blɐw³⁴¹,buŋ³³blɐw³⁴¹,b u ŋ ³³ + b l ɐ w ³⁴¹,,,,
KimMunLaocai-65_centipede-1,,KimMunLaocai,65_centipede,θap⁵²,θap⁵²,θ a p ⁵²,,,,
KimMunLaocai-66_chickencock-1,,KimMunLaocai,66_chickencock,ȶɐj²¹⁴kɔŋ³¹,ȶɐj²¹⁴kɔŋ³¹,ȶ ɐ j ²¹⁴ + k ɔ ŋ ³¹,,,,
KimMunLaocai-67_chickenhen-1,,KimMunLaocai,67_chickenhen,⁣ȶɐj²¹⁴ȵɐj³⁴¹,⁣ȶɐj²¹⁴ȵɐj³⁴¹,ȶ ɐ j ²¹⁴ + ȵ ɐ j ³⁴¹,,,,
KimMunLaocai-16_chicken-1,,KimMunLaocai,16_chicken,ȶɐj²¹⁴,ȶɐj²¹⁴,ȶ ɐ j ²¹⁴,,,,
KimMunLaocai-68_cowox-1,,KimMunLaocai,68_cowox,ŋɔ¹¹wa:ŋ¹¹,ŋɔ¹¹wa:ŋ¹¹,ŋ ɔ ¹¹ + w aː ŋ ¹¹,,,,
KimMunLaocai-69_crab-1,,KimMunLaocai,69_crab,kjɐm³⁵ȵaj²¹⁴,kjɐm³⁵ȵaj²¹⁴,k j ɐ m ³⁵ + ȵ a j ²¹⁴,,,,
KimMunLaocai-70_cricket-1,,KimMunLaocai,70_cricket,kjɛŋ²¹⁴kjo³¹,kjɛŋ²¹⁴kjo³¹,k j ɛ ŋ ²¹⁴ + k j o ³¹,,,,
KimMunLaocai-36_crow-1,,KimMunLaocai,36_crow,ku.a:³¹,ku.a:³¹,k u ⁰ + aː ³¹,,,,
KimMunLaocai-37_barkingdeer-1,,KimMunLaocai,37_barkingdeer,ȶuŋ²¹⁴,ȶuŋ²¹⁴,ȶ u ŋ ²¹⁴,,,,
KimMunLaocai-38_sambardeer-1,,KimMunLaocai,38_sambardeer,ki¹¹juŋ¹¹,ki¹¹juŋ¹¹,k i ¹¹ + j u ŋ ¹¹,,,,
KimMunLaocai-17_dog-1,,KimMunLaocai,17_dog,klu⁴⁴,klu⁴⁴,k l u ⁴⁴,,,,
KimMunLaocai-39_dragon-1,,KimMunLaocai,39_dragon,kuŋ²¹⁴,kuŋ²¹⁴,k u ŋ ²¹⁴,,,,
KimMunLaocai-40_dragonfly-1,,KimMunLaocai,40_dragonfly,kjɛŋ²¹⁴nuŋ⁴⁴,kjɛŋ²¹⁴nuŋ⁴⁴,k j ɛ ŋ ²¹⁴ + n u ŋ ⁴⁴,,,,
KimMunLaocai-41_duck1-1,,KimMunLaocai,41_duck1,a:p¹¹,a:p¹¹,aː p ¹¹,,,,
KimMunLaocai-43_eagle-1,,KimMunLaocai,43_eagle,kla:ŋ⁴⁴,kla:ŋ⁴⁴,k l aː ŋ ⁴⁴,,,,
KimMunLaocai-18_fish-1,,KimMunLaocai,18_fish,bjaw³⁴¹,bjaw³⁴¹,b j a w ³⁴¹,,,,
KimMunLaocai-44_flea-1,,KimMunLaocai,44_flea,klɐ.muŋ⁵²,klɐ.muŋ⁵²,k l ɐ ⁰ + m u ŋ ⁵²,,,,
KimMunLaocai-19_fly-1,,KimMunLaocai,19_fly,kjɛŋ²¹⁴gjɐm⁵²,kjɛŋ²¹⁴gjɐm⁵²,k j ɛ ŋ ²¹⁴ + g j ɐ m ⁵²,,,,
KimMunLaocai-2_frog-1,,KimMunLaocai,2_frog,ȶɛŋ⁴⁴,ȶɛŋ⁴⁴,ȶ ɛ ŋ ⁴⁴,,,,
KimMunLaocai-45_goat-1,,KimMunLaocai,45_goat,juŋ¹¹,juŋ¹¹,j u ŋ ¹¹,,,,
KimMunLaocai-47_grasshopper-1,,KimMunLaocai,47_grasshopper,kjɛŋ²¹⁴bo³¹,kjɛŋ²¹⁴bo³¹,k j ɛ ŋ ²¹⁴ + b o ³¹,,,,
KimMunLaocai-48_horse-1,,KimMunLaocai,48_horse,ma³⁴¹,ma³⁴¹,m a ³⁴¹,,,,
KimMunLaocai-49_insect-1,,KimMunLaocai,49_insect,kjɛŋ²¹⁴,kjɛŋ²¹⁴,k j ɛ ŋ ²¹⁴,,,,
KimMunLaocai-50_leechdry-1,,KimMunLaocai,50_leechdry,kjɐm²¹⁴,kjɐm²¹⁴,k j ɐ m ²¹⁴,,,,
KimMunLaocai-51_leechwet-1,,KimMunLaocai,51_leechwet,ma¹¹wa:ŋ¹¹,ma¹¹wa:ŋ¹¹,m a ¹¹ + w aː ŋ ¹¹,,,,
KimMunLaocai-52_lizard-1,,KimMunLaocai,52_lizard,bɐ.koŋ¹¹sa:⁵²,bɐ.koŋ¹¹sa:⁵²,b ɐ ⁰ + k o ŋ ¹¹ + s aː ⁵²,,,,
KimMunLaocai-53_lousehead-1,,KimMunLaocai,53_lousehead,θɐj³³,θɐj³³,θ ɐ j ³³,,,,
KimMunLaocai-3_monkey-1,,KimMunLaocai,3_monkey,biŋ²¹⁴,biŋ²¹⁴,b i ŋ ²¹⁴,,,,
KimMunLaocai-4_mosquito-1,,KimMunLaocai,4_mosquito,kjɛŋ²¹⁴,kjɛŋ²¹⁴,k j ɛ ŋ ²¹⁴,,,,
KimMunLaocai-5_pig-1,,KimMunLaocai,5_pig,tuŋ³¹,tuŋ³¹,t u ŋ ³¹,,,,
KimMunLaocai-54_bore-1,,KimMunLaocai,54_bore,tuŋ³¹kɐw⁴⁴,tuŋ³¹kɐw⁴⁴,t u ŋ ³¹ + k ɐ w ⁴⁴,,,,
KimMunLaocai-55_piglet-1,,KimMunLaocai,55_piglet,tuŋ³¹kjɐn²¹⁴,tuŋ³¹kjɐn²¹⁴,t u ŋ ³¹ + k j ɐ n ²¹⁴,,,,
KimMunLaocai-56_pigsow-1,,KimMunLaocai,56_pigsow,tuŋ³¹kjan³⁵,tuŋ³¹kjan³⁵,t u ŋ ³¹ + k j a n ³⁵,,,,
KimMunLaocai-58_rat-1,,KimMunLaocai,58_rat,du²¹⁴,du²¹⁴,d u ²¹⁴,,,,
KimMunLaocai-59_shrimp-1,,KimMunLaocai,59_shrimp,ȶa³¹kɔŋ²¹⁴,ȶa³¹kɔŋ²¹⁴,ȶ a ³¹ + k ɔ ŋ ²¹⁴,,,,
KimMunLaocai-6_snail-1,,KimMunLaocai,6_snail,kwɐj²¹⁴,kwɐj²¹⁴,kʷ ɐ j ²¹⁴,,,,
KimMunLaocai-7_snake-1,,KimMunLaocai,7_snake,na:ŋ²¹⁴,na:ŋ²¹⁴,n aː ŋ ²¹⁴,,,,
KimMunLaocai-60_sparrow-1,,KimMunLaocai,60_sparrow,nɔ³³kɐj³³,nɔ³³kɐj³³,n ɔ ³³ + k ɐ j ³³,,,,
KimMunLaocai-8_spider-1,,KimMunLaocai,8_spider,kjɛŋ²¹⁴ȵa:⁴⁴,kjɛŋ²¹⁴ȵa:⁴⁴,k j ɛ ŋ ²¹⁴ + ȵ aː ⁴⁴,,,,
KimMunLaocai-9_tiger-1,,KimMunLaocai,9_tiger,gja:n¹¹,gja:n¹¹,g j aː n ¹¹,,,,
KimMunLaocai-10_turtle-1,,KimMunLaocai,10_turtle,pit³¹,pit³¹,p i t ³¹,,,,
KimMunLaocai-61_wasp-1,,KimMunLaocai,61_wasp,mɐj³⁴¹,mɐj³⁴¹,m ɐ j ³⁴¹,,,,
KimMunLaocai-62_weasel-1,,KimMunLaocai,62_weasel,kin¹¹ma:w¹¹,kin¹¹ma:w¹¹,k i n ¹¹ + m aː w ¹¹,,,,
KimMunLaocai-11_earthworm-1,,KimMunLaocai,11_earthworm,nuŋ¹¹naŋ²¹⁴,nuŋ¹¹naŋ²¹⁴,n u ŋ ¹¹ + n a ŋ ²¹⁴,,,,
KimMunLaocai-138_arm-1,,KimMunLaocai,138_arm,pu.θe⁵²,pu.θe⁵²,p u ⁰ + θ e ⁵²,,,,
KimMunLaocai-89_back-1,,KimMunLaocai,89_back,kɐ.tan⁴⁴kaŋ²¹⁴,kɐ.tan⁴⁴kaŋ²¹⁴,k ɐ ⁰ + t a n ⁴⁴ + k a ŋ ²¹⁴,,,,
KimMunLaocai-90_beard-1,,KimMunLaocai,90_beard,θɔm⁵²,θɔm⁵²,θ ɔ m ⁵²,,,,
KimMunLaocai-139_belly-1,,KimMunLaocai,139_belly,ȵo³³,ȵo³³,ȵ o ³³,,,,
KimMunLaocai-91_blood-1,,KimMunLaocai,91_blood,θa:m³³,θa:m³³,θ aː m ³³,,,,
KimMunLaocai-140_body-1,,KimMunLaocai,140_body,θin⁵²,θin⁵²,θ i n ⁵²,,,,
KimMunLaocai-92_bone-1,,KimMunLaocai,92_bone,θuŋ⁴⁴,θuŋ⁴⁴,θ u ŋ ⁴⁴,,,,
KimMunLaocai-93_brain-1,,KimMunLaocai,93_brain,pi⁴⁴le⁴⁴,pi⁴⁴le⁴⁴,p i ⁴⁴ + l e ⁴⁴,,,,
KimMunLaocai-141_butt-1,,KimMunLaocai,141_butt,kɐ.tlaj⁴⁴kɐ⁵²,kɐ.tlaj⁴⁴kɐ⁵²,k ɐ ⁰ + t l a j ⁴⁴ + k ɐ ⁵²,,,,
KimMunLaocai-142_chest-1,,KimMunLaocai,142_chest,kɐ.lap³¹,kɐ.lap³¹,k ɐ ⁰ + l a p ³¹,,,,
KimMunLaocai-143_cockcmbi-1,,KimMunLaocai,143_cockcmbi,gɐn²¹⁴,gɐn²¹⁴,g ɐ n ²¹⁴,,,,
KimMunLaocai-144_corpse-1,,KimMunLaocai,144_corpse,mun¹¹tɐj³³,mun¹¹tɐj³³,m u n ¹¹ + t ɐ j ³³,,,,
KimMunLaocai-145_ears-1,,KimMunLaocai,145_ears,mɐ.nɔm¹¹,mɐ.nɔm¹¹,m ɐ ⁰ + n ɔ m ¹¹,,,,
KimMunLaocai-94_egg-1,,KimMunLaocai,94_egg,kjaw³⁵,kjaw³⁵,k j a w ³⁵,,,,
KimMunLaocai-95_eye-1,,KimMunLaocai,95_eye,mɐj³³,mɐj³³,m ɐ j ³³,,,,
KimMunLaocai-146_eyebrows-1,,KimMunLaocai,146_eyebrows,mɐj³³ma:j³¹,mɐj³³ma:j³¹,m ɐ j ³³ + m aː j ³¹,,,,
KimMunLaocai-96_face-1,,KimMunLaocai,96_face,min⁵²,min⁵²,m i n ⁵²,,,,
KimMunLaocai-97_excrement-1,,KimMunLaocai,97_excrement,dɐj⁴⁴,dɐj⁴⁴,d ɐ j ⁴⁴,,,,
KimMunLaocai-98_finger-1,,KimMunLaocai,98_finger,pu.dɔ³¹,pu.dɔ³¹,p u ⁰ + d ɔ ³¹,,,,
KimMunLaocai-99_fingernail-1,,KimMunLaocai,99_fingernail,pu.dɔ³¹waj³⁵,pu.dɔ³¹waj³⁵,p u ⁰ + d ɔ ³¹ + w a j ³⁵,,,,
KimMunLaocai-147_footsurface-1,,KimMunLaocai,147_footsurface,θaw³⁵pen⁴⁴,θaw³⁵pen⁴⁴,θ a w ³⁵ + p e n ⁴⁴,,,,
KimMunLaocai-148_hairofbody-1,,KimMunLaocai,148_hairofbody,pje²¹⁴,pje²¹⁴,p j e ²¹⁴,,,,
KimMunLaocai-150_hairofhead-1,,KimMunLaocai,150_hairofhead,pi³³dɔŋ²¹⁴,pi³³dɔŋ²¹⁴,p i ³³ + d ɔ ŋ ²¹⁴,,,,
KimMunLaocai-100_hand-1,,KimMunLaocai,100_hand,pu.pen⁴⁴,pu.pen⁴⁴,p u ⁰ + p e n ⁴⁴,,,,
KimMunLaocai-101_head-1,,KimMunLaocai,101_head,pje⁴⁴,pje⁴⁴,p j e ⁴⁴,,,,
KimMunLaocai-102_heart-1,,KimMunLaocai,102_heart,θin²¹⁴taw³¹,θin²¹⁴taw³¹,θ i n ²¹⁴ + t a w ³¹,,,,
KimMunLaocai-151_hip-1,,KimMunLaocai,151_hip,kɐ.tlaj⁴⁴tuj⁴⁴,kɐ.tlaj⁴⁴tuj⁴⁴,k ɐ ⁰ + t l a j ⁴⁴ + t u j ⁴⁴,,,,
KimMunLaocai-77_hoof-1,,KimMunLaocai,77_hoof,θaw³⁵dɔ³¹waj³⁵,θaw³⁵dɔ³¹waj³⁵,θ a w ³⁵ + d ɔ ³¹ + w a j ³⁵,,,,
KimMunLaocai-73_horn-1,,KimMunLaocai,73_horn,kjɔŋ²¹⁴,kjɔŋ²¹⁴,k j ɔ ŋ ²¹⁴,,,,
KimMunLaocai-152_intestine-1,,KimMunLaocai,152_intestine,kla:ŋ¹¹,kla:ŋ¹¹,k l aː ŋ ¹¹,,,,
KimMunLaocai-103_leg-1,,KimMunLaocai,103_leg,θaw³⁵,θaw³⁵,θ a w ³⁵,,,,
KimMunLaocai-104_liver-1,,KimMunLaocai,104_liver,gjɐn⁵²,gjɐn⁵²,g j ɐ n ⁵²,,,,
KimMunLaocai-105_lungs-1,,KimMunLaocai,105_lungs,klum⁵²,klum⁵²,k l u m ⁵²,,,,
KimMunLaocai-74_milk-1,,KimMunLaocai,74_milk,nu⁴⁴,nu⁴⁴,n u ⁴⁴,,,,
KimMunLaocai-106_mouth-1,,KimMunLaocai,106_mouth,ȡɐt³³,ȡɐt³³,ȡ ɐ t ³³,,,,
KimMunLaocai-153_mucus-1,,KimMunLaocai,153_mucus,blut³³,blut³³,b l u t ³³,,,,
KimMunLaocai-154_neck-1,,KimMunLaocai,154_neck,kla:ŋ²¹⁴,kla:ŋ²¹⁴,k l aː ŋ ²¹⁴,,,,
KimMunLaocai-155_nest-1,,KimMunLaocai,155_nest,gjaw³⁴¹,gjaw³⁴¹,g j a w ³⁴¹,,,,
KimMunLaocai-107_nose-1,,KimMunLaocai,107_nose,pu.ȶɔŋ²¹⁴,pu.ȶɔŋ²¹⁴,p u ⁰ + ȶ ɔ ŋ ²¹⁴,,,,
KimMunLaocai-108_pus-1,,KimMunLaocai,108_pus,nuŋ³³,nuŋ³³,n u ŋ ³³,,,,
KimMunLaocai-156_ribs-1,,KimMunLaocai,156_ribs,ȵɔ¹¹tam⁴⁴θuŋ⁴⁴,ȵɔ¹¹tam⁴⁴θuŋ⁴⁴,ȵ ɔ ¹¹ + t a m ⁴⁴ + θ u ŋ ⁴⁴,,,,
KimMunLaocai-109_saliva-1,,KimMunLaocai,109_saliva,ȡaːn¹¹,ȡaːn¹¹,ȡ aː n ¹¹,,,,
KimMunLaocai-157_shoulder-1,,KimMunLaocai,157_shoulder,pɐ.taw¹¹,pɐ.taw¹¹,p ɐ ⁰ + t a w ¹¹,,,,
KimMunLaocai-110_skin-1,,KimMunLaocai,110_skin,tɐ.dup³¹,tɐ.dup³¹,t ɐ ⁰ + d u p ³¹,,,,
KimMunLaocai-111_tail-1,,KimMunLaocai,111_tail,tɐj⁴⁴,tɐj⁴⁴,t ɐ j ⁴⁴,,,,
KimMunLaocai-158_tears-1,,KimMunLaocai,158_tears,mɐj³³wɐm²¹⁴,mɐj³³wɐm²¹⁴,m ɐ j ³³ + w ɐ m ²¹⁴,,,,
KimMunLaocai-112_thigh-1,,KimMunLaocai,112_thigh,θaw³⁵bɔŋ³⁵,θaw³⁵bɔŋ³⁵,θ a w ³⁵ + b ɔ ŋ ³⁵,,,,
KimMunLaocai-159_toe-1,,KimMunLaocai,159_toe,θaw³⁵dɔ³¹,θaw³⁵dɔ³¹,θ a w ³⁵ + d ɔ ³¹,,,,
KimMunLaocai-113_tongue-1,,KimMunLaocai,113_tongue,bjɐt³³,bjɐt³³,b j ɐ t ³³,,,,
KimMunLaocai-160_tusk-1,,KimMunLaocai,160_tusk,ȵa:¹¹,ȵa:¹¹,ȵ aː ¹¹,,,,
KimMunLaocai-161_boilulcer-1,,KimMunLaocai,161_boilulcer,bew³⁴¹,bew³⁴¹,b e w ³⁴¹,,,,
KimMunLaocai-114_urine-1,,KimMunLaocai,114_urine,wa³⁴¹,wa³⁴¹,w a ³⁴¹,,,,
KimMunLaocai-162_waist-1,,KimMunLaocai,162_waist,kla:j⁴⁴,kla:j⁴⁴,k l aː j ⁴⁴,,,,
KimMunLaocai-342_bankriver-1,,KimMunLaocai,342_bankriver,wɐm²¹⁴sin³¹,wɐm²¹⁴sin³¹,w ɐ m ²¹⁴ + s i n ³¹,,,,
KimMunLaocai-292_cave-1,,KimMunLaocai,292_cave,ȶɔ.bɛŋ³¹kɔt³⁵,ȶɔ.bɛŋ³¹kɔt³⁵,ȶ ɔ ⁰ + b ɛ ŋ ³¹ + k ɔ t ³⁵,,,,
KimMunLaocai-293_cliff-1,,KimMunLaocai,293_cliff,gjaw²¹⁴pje³¹,gjaw²¹⁴pje³¹,g j a w ²¹⁴ + p j e ³¹,,,,
KimMunLaocai-294_cloud-1,,KimMunLaocai,294_cloud,vɐn¹³,vɐn¹³,v ɐ n ¹³,,,,
KimMunLaocai-343_copper-1,,KimMunLaocai,343_copper,tɔŋ¹¹,tɔŋ¹¹,t ɔ ŋ ¹¹,,,,
KimMunLaocai-344_ditch-1,,KimMunLaocai,344_ditch,θin³⁵wɐm²¹⁴,θin³⁵wɐm²¹⁴,θ i n ³⁵ + w ɐ m ²¹⁴,,,,
KimMunLaocai-345_earth-1,,KimMunLaocai,345_earth,ni⁵²,ni⁵²,n i ⁵²,,,,
KimMunLaocai-346_fog-1,,KimMunLaocai,346_fog,kja:³⁵,kja:³⁵,k j aː ³⁵,,,,
KimMunLaocai-457_forest-1,,KimMunLaocai,457_forest,kim¹¹,kim¹¹,k i m ¹¹,,,,
KimMunLaocai-295_gold-1,,KimMunLaocai,295_gold,sɐm²¹⁴,sɐm²¹⁴,s ɐ m ²¹⁴,,,,
KimMunLaocai-296_iron-1,,KimMunLaocai,296_iron,gja:⁵²,gja:⁵²,g j aː ⁵²,,,,
KimMunLaocai-347_lightening-1,,KimMunLaocai,347_lightening,buŋ³³bit³¹to⁵²,buŋ³³bit³¹to⁵²,b u ŋ ³³ + b i t ³¹ + t o ⁵²,,,,
KimMunLaocai-297_mountain-1,,KimMunLaocai,297_mountain,ȶɔŋ²¹⁴,ȶɔŋ²¹⁴,ȶ ɔ ŋ ²¹⁴,,,,
KimMunLaocai-298_mud-1,,KimMunLaocai,298_mud,pa:m³³,pa:m³³,p aː m ³³,,,,
KimMunLaocai-348_pond-1,,KimMunLaocai,348_pond,bjaw³⁴¹kla:ŋ¹¹,bjaw³⁴¹kla:ŋ¹¹,b j a w ³⁴¹ + k l aː ŋ ¹¹,,,,
KimMunLaocai-299_rain-1,,KimMunLaocai,299_rain,buŋ³³lu⁵²,buŋ³³lu⁵²,b u ŋ ³³ + l u ⁵²,,,,
KimMunLaocai-300_river-1,,KimMunLaocai,300_river,kɔj³³,kɔj³³,k ɔ j ³³,,,,
KimMunLaocai-458_salt-1,,KimMunLaocai,458_salt,da:w³³,da:w³³,d aː w ³³,,,,
KimMunLaocai-301_sand-1,,KimMunLaocai,301_sand,gjaw²¹⁴θa:j²¹⁴,gjaw²¹⁴θa:j²¹⁴,g j a w ²¹⁴ + θ aː j ²¹⁴,,,,
KimMunLaocai-302_silver-1,,KimMunLaocai,302_silver,ȵa:n¹¹,ȵa:n¹¹,ȵ aː n ¹¹,,,,
KimMunLaocai-303_sky-1,,KimMunLaocai,303_sky,guŋ¹¹,guŋ¹¹,g u ŋ ¹¹,,,,
KimMunLaocai-304_stone-1,,KimMunLaocai,304_stone,gjaw²¹⁴,gjaw²¹⁴,g j a w ²¹⁴,,,,
KimMunLaocai-305_sun-1,,KimMunLaocai,305_sun,mɐ.nɔj⁵²,mɐ.nɔj⁵²,m ɐ ⁰ + n ɔ j ⁵²,,,,
KimMunLaocai-349_sunshine-1,,KimMunLaocai,349_sunshine,guŋ¹¹kjɔm²¹⁴,guŋ¹¹kjɔm²¹⁴,g u ŋ ¹¹ + k j ɔ m ²¹⁴,,,,
KimMunLaocai-306_thunder-1,,KimMunLaocai,306_thunder,bu.kɔŋ²¹⁴,bu.kɔŋ²¹⁴,b u ⁰ + k ɔ ŋ ²¹⁴,,,,
KimMunLaocai-307_water-1,,KimMunLaocai,307_water,wɐm²¹⁴,wɐm²¹⁴,w ɐ m ²¹⁴,,,,
KimMunLaocai-308_wind-1,,KimMunLaocai,308_wind,ȡa:w³⁵,ȡa:w³⁵,ȡ aː w ³⁵,,,,
KimMunLaocai-459_banana-1,,KimMunLaocai,459_banana,kum¹¹ȶaw³⁴¹,kum¹¹ȶaw³⁴¹,k u m ¹¹ + ȶ a w ³⁴¹,,,,
KimMunLaocai-519_bananaflower-1,,KimMunLaocai,519_bananaflower,kɐ.ȡu²¹⁴,kɐ.ȡu²¹⁴,k ɐ ⁰ + ȡ u ²¹⁴,,,,
KimMunLaocai-520_bananaleaf-1,,KimMunLaocai,520_bananaleaf,θiw¹¹nɔm³¹,θiw¹¹nɔm³¹,θ i w ¹¹ + n ɔ m ³¹,,,,
KimMunLaocai-460_bean-1,,KimMunLaocai,460_bean,tɔp³³,tɔp³³,t ɔ p ³³,,,,
KimMunLaocai-521_cabbage-1,,KimMunLaocai,521_cabbage,ȵe¹¹gjaj³⁵,ȵe¹¹gjaj³⁵,ȵ e ¹¹ + g j a j ³⁵,,,,
KimMunLaocai-522_chilipepper-1,,KimMunLaocai,522_chilipepper,duŋ³³ma:t³³,duŋ³³ma:t³³,d u ŋ ³³ + m aː t ³³,,,,
KimMunLaocai-523_cogongrass-1,,KimMunLaocai,523_cogongrass,ga:n²¹⁴,ga:n²¹⁴,g aː n ²¹⁴,,,,
KimMunLaocai-524_corn-1,,KimMunLaocai,524_corn,buŋ³³mɐj³⁴¹,buŋ³³mɐj³⁴¹,b u ŋ ³³ + m ɐ j ³⁴¹,,,,
KimMunLaocai-525_cotton-1,,KimMunLaocai,525_cotton,buj³³min³¹,buj³³min³¹,b u j ³³ + m i n ³¹,,,,
KimMunLaocai-461_cucumber-1,,KimMunLaocai,461_cucumber,kwa²¹⁴kjo³¹,kwa²¹⁴kjo³¹,kʷ a ²¹⁴ + k j o ³¹,,,,
KimMunLaocai-462_eggplant-1,,KimMunLaocai,462_eggplant,kɐ.taŋ⁴⁴,kɐ.taŋ⁴⁴,k ɐ ⁰ + t a ŋ ⁴⁴,,,,
KimMunLaocai-463_fat-1,,KimMunLaocai,463_fat,mɐj⁵²,mɐj⁵²,m ɐ j ⁵²,,,,
KimMunLaocai-464_flower-1,,KimMunLaocai,464_flower,faŋ¹¹,faŋ¹¹,f a ŋ ¹¹,,,,
KimMunLaocai-465_fruit-1,,KimMunLaocai,465_fruit,pjo⁴⁴,pjo⁴⁴,p j o ⁴⁴,,,,
KimMunLaocai-466_garlic-1,,KimMunLaocai,466_garlic,tun⁵²,tun⁵²,t u n ⁵²,,,,
KimMunLaocai-467_grass-1,,KimMunLaocai,467_grass,ma:³³,ma:³³,m aː ³³,,,,
KimMunLaocai-526_indigo-1,,KimMunLaocai,526_indigo,gam¹¹,gam¹¹,g a m ¹¹,,,,
KimMunLaocai-468_leaf-1,,KimMunLaocai,468_leaf,nɔm¹¹,nɔm¹¹,n ɔ m ¹¹,,,,
KimMunLaocai-469_medicine-1,,KimMunLaocai,469_medicine,ma:³³,ma:³³,m aː ³³,,,,
KimMunLaocai-527_melon-1,,KimMunLaocai,527_melon,kwa²¹⁴,kwa²¹⁴,kʷ a ²¹⁴,,,,
KimMunLaocai-470_mushroom-1,,KimMunLaocai,470_mushroom,so²¹⁴,so²¹⁴,s o ²¹⁴,,,,
KimMunLaocai-471_pumpkin-1,,KimMunLaocai,471_pumpkin,kjɛŋ¹¹kwa²¹⁴waŋ³¹,kjɛŋ¹¹kwa²¹⁴waŋ³¹,k j ɛ ŋ ¹¹ + kʷ a ²¹⁴ + w a ŋ ³¹,,,,
KimMunLaocai-528_rice-1,,KimMunLaocai,528_rice,blaw¹¹,blaw¹¹,b l a w ¹¹,,,,
KimMunLaocai-529_riceglutinous-1,,KimMunLaocai,529_riceglutinous,me³³blɐt³³,me³³blɐt³³,m e ³³ + b l ɐ t ³³,,,,
KimMunLaocai-530_ricegrilled-1,,KimMunLaocai,530_ricegrilled,me³³ȶaw³³,me³³ȶaw³³,m e ³³ + ȶ a w ³³,,,,
KimMunLaocai-531_porridge-1,,KimMunLaocai,531_porridge,naŋ³¹su³⁵,naŋ³¹su³⁵,n a ŋ ³¹ + s u ³⁵,,,,
KimMunLaocai-532_ricedgiwav-1,,KimMunLaocai,532_ricedgiwav,sɔŋ³⁵,sɔŋ³⁵,s ɔ ŋ ³⁵,,,,
KimMunLaocai-533_ricespike-1,,KimMunLaocai,533_ricespike,nin⁴⁴bla:w³¹,nin⁴⁴bla:w³¹,n i n ⁴⁴ + b l aː w ³¹,,,,
KimMunLaocai-534_soup-1,,KimMunLaocai,534_soup,je³³wɐm²¹⁴,je³³wɐm²¹⁴,j e ³³ + w ɐ m ²¹⁴,,,,
KimMunLaocai-472_sugarcane-1,,KimMunLaocai,472_sugarcane,ku¹¹sa:³⁵,ku¹¹sa:³⁵,k u ¹¹ + s aː ³⁵,,,,
KimMunLaocai-473_taro-1,,KimMunLaocai,473_taro,ho³³bu³³,ho³³bu³³,h o ³³ + b u ³³,,,,
KimMunLaocai-474_thorn-1,,KimMunLaocai,474_thorn,ȡim⁴⁴,ȡim⁴⁴,ȡ i m ⁴⁴,,,,
KimMunLaocai-535_tobacco-1,,KimMunLaocai,535_tobacco,jin³¹ȶaj³⁴¹,jin³¹ȶaj³⁴¹,j i n ³¹ + ȶ a j ³⁴¹,,,,
KimMunLaocai-475_tree-1,,KimMunLaocai,475_tree,gja:ŋ³⁵,gja:ŋ³⁵,g j aː ŋ ³⁵,,,,
KimMunLaocai-536_treetrunk-1,,KimMunLaocai,536_treetrunk,gjaŋ³⁵θin⁵²,gjaŋ³⁵θin⁵²,g j a ŋ ³⁵ + θ i n ⁵²,,,,
KimMunLaocai-537_vegetable-1,,KimMunLaocai,537_vegetable,gjɐj²¹⁴,gjɐj²¹⁴,g j ɐ j ²¹⁴,,,,
KimMunLaocai-538_winealcohol-1,,KimMunLaocai,538_winealcohol,tiw⁴⁴,tiw⁴⁴,t i w ⁴⁴,,,,
KimMunLaocai-163_dream-1,,KimMunLaocai,163_dream,be³⁵,be³⁵,b e ³⁵,,,,
KimMunLaocai-405_name-1,,KimMunLaocai,405_name,bu³⁵,bu³⁵,b u ³⁵,,,,
KimMunLaocai-164_price-1,,KimMunLaocai,164_price,pɐ.laj⁵²,pɐ.laj⁵²,p ɐ ⁰ + l a j ⁵²,,,,
KimMunLaocai-556_afternoon-1,,KimMunLaocai,556_afternoon,kaj³³ȡam³⁵,kaj³³ȡam³⁵,k a j ³³ + ȡ a m ³⁵,,,,
KimMunLaocai-547_day-1,,KimMunLaocai,547_day,mɐ.nɔj⁵²ȶa:³⁵,mɐ.nɔj⁵²ȶa:³⁵,m ɐ ⁰ + n ɔ j ⁵² + ȶ aː ³⁵,,,,
KimMunLaocai-557_evening-1,,KimMunLaocai,557_evening,ȡa:m³³,ȡa:m³³,ȡ aː m ³³,,,,
KimMunLaocai-558_midday-1,,KimMunLaocai,558_midday,mɐ.nɔj⁵²ȶa:³⁵,mɐ.nɔj⁵²ȶa:³⁵,m ɐ ⁰ + n ɔ j ⁵² + ȶ aː ³⁵,,,,
KimMunLaocai-309_moon-1,,KimMunLaocai,309_moon,la:⁴⁴,la:⁴⁴,l aː ⁴⁴,,,,
KimMunLaocai-548_morning-1,,KimMunLaocai,548_morning,bɐ.tɔm²¹⁴gjo³¹,bɐ.tɔm²¹⁴gjo³¹,b ɐ ⁰ + t ɔ m ²¹⁴ + g j o ³¹,,,,
KimMunLaocai-549_night-1,,KimMunLaocai,549_night,ȡa:m³³,ȡa:m³³,ȡ aː m ³³,,,,
KimMunLaocai-550_year-1,,KimMunLaocai,550_year,ȵaŋ⁵²,ȵaŋ⁵²,ȵ a ŋ ⁵²,,,,
KimMunLaocai-428_ancestor-1,,KimMunLaocai,428_ancestor,θɐm¹¹sɐw⁴⁴,θɐm¹¹sɐw⁴⁴,θ ɐ m ¹¹ + s ɐ w ⁴⁴,,,,
KimMunLaocai-429_bride-1,,KimMunLaocai,429_bride,ȵɑm²¹⁴,ȵɑm²¹⁴,ȵ ɑ m ²¹⁴,,,,
KimMunLaocai-430_obrother-1,,KimMunLaocai,430_obrother,tɑ¹¹,tɑ¹¹,t ɑ ¹¹,,,,
KimMunLaocai-431_ybrother-1,,KimMunLaocai,431_ybrother,jo³⁴¹,jo³⁴¹,j o ³⁴¹,,,,
KimMunLaocai-406_child-1,,KimMunLaocai,406_child,mun¹¹sɐj⁴⁴,mun¹¹sɐj⁴⁴,m u n ¹¹ + s ɐ j ⁴⁴,,,,
KimMunLaocai-432_daughter-1,,KimMunLaocai,432_daughter,mun¹¹sɑ⁵²,mun¹¹sɑ⁵²,m u n ¹¹ + s ɑ ⁵²,,,,
KimMunLaocai-433_descendant-1,,KimMunLaocai,433_descendant,se⁴⁴θun²¹⁴,se⁴⁴θun²¹⁴,s e ⁴⁴ + θ u n ²¹⁴,,,,
KimMunLaocai-434_fathersolderbrother-1,,KimMunLaocai,434_fathersolderbrother,pɛ²¹⁴,pɛ²¹⁴,p ɛ ²¹⁴,,,,
KimMunLaocai-435_fathersyoungerbrother-1,,KimMunLaocai,435_fathersyoungerbrother,jo³⁴¹,jo³⁴¹,j o ³⁴¹,,,,
KimMunLaocai-436_grandfather-1,,KimMunLaocai,436_grandfather,klɑw³⁴¹,klɑw³⁴¹,k l ɑ w ³⁴¹,,,,
KimMunLaocai-437_grandmother-1,,KimMunLaocai,437_grandmother,bo³⁴¹,bo³⁴¹,b o ³⁴¹,,,,
KimMunLaocai-438_groom-1,,KimMunLaocai,438_groom,lɑŋ¹¹,lɑŋ¹¹,l ɑ ŋ ¹¹,,,,
KimMunLaocai-439_guest-1,,KimMunLaocai,439_guest,ȶɛ⁵²,ȶɛ⁵²,ȶ ɛ ⁵²,,,,
KimMunLaocai-440_hostowner-1,,KimMunLaocai,440_hostowner,pjɑw³¹mun³¹,pjɑw³¹mun³¹,p j ɑ w ³¹ + m u n ³¹,,,,
KimMunLaocai-407_husband-1,,KimMunLaocai,407_husband,fɑ⁴⁴,fɑ⁴⁴,f ɑ ⁴⁴,,,,
KimMunLaocai-441_lover-1,,KimMunLaocai,441_lover,mun¹¹ɔj³⁵,mun¹¹ɔj³⁵,m u n ¹¹ + ɔ j ³⁵,,,,
KimMunLaocai-408_man-1,,KimMunLaocai,408_man,mun¹¹fɑ⁴⁴,mun¹¹fɑ⁴⁴,m u n ¹¹ + f ɑ ⁴⁴,,,,
KimMunLaocai-442_mothersbrother-1,,KimMunLaocai,442_mothersbrother,nɑw³⁴¹,nɑw³⁴¹,n ɑ w ³⁴¹,,,,
KimMunLaocai-443_mothersmother-1,,KimMunLaocai,443_mothersmother,di⁴⁴,di⁴⁴,d i ⁴⁴,,,,
KimMunLaocai-409_mother-1,,KimMunLaocai,409_mother,ȡi³⁴¹,ȡi³⁴¹,ȡ i ³⁴¹,,,,
KimMunLaocai-444_motherssister-1,,KimMunLaocai,444_motherssister,ȶu¹¹,ȶu¹¹,ȶ u ¹¹,,,,
KimMunLaocai-445_osister-1,,KimMunLaocai,445_osister,o³⁴¹,o³⁴¹,o ³⁴¹,,,,
KimMunLaocai-446_ysister-1,,KimMunLaocai,446_ysister,mu³³,mu³³,m u ³³,,,,
KimMunLaocai-447_son-1,,KimMunLaocai,447_son,mun¹¹tɔn²¹⁴,mun¹¹tɔn²¹⁴,m u n ¹¹ + t ɔ n ²¹⁴,,,,
KimMunLaocai-410_widow-1,,KimMunLaocai,410_widow,gjɐm³³fɑ⁴⁴ɑw⁴⁴,gjɐm³³fɑ⁴⁴ɑw⁴⁴,g j ɐ m ³³ + f ɑ ⁴⁴ + ɑ w ⁴⁴,,,,
KimMunLaocai-411_wife-1,,KimMunLaocai,411_wife,ɑw⁴⁴,ɑw⁴⁴,ɑ w ⁴⁴,,,,
KimMunLaocai-403_woman-1,,KimMunLaocai,403_woman,mun¹¹ȡi³⁴¹,mun¹¹ȡi³⁴¹,m u n ¹¹ + ȡ i ³⁴¹,,,,
KimMunLaocai-81_blouse-1,,KimMunLaocai,81_blouse,gjɐm⁴⁴,gjɐm⁴⁴,g j ɐ m ⁴⁴,,,,
KimMunLaocai-82_bracelet-1,,KimMunLaocai,82_bracelet,sɑm¹¹,sɑm¹¹,s ɑ m ¹¹,,,,
KimMunLaocai-83_cloth-1,,KimMunLaocai,83_cloth,buj³⁵,buj³⁵,b u j ³⁵,,,,
KimMunLaocai-78_clothing-1,,KimMunLaocai,78_clothing,ŋuj²¹⁴kwɑ⁵²,ŋuj²¹⁴kwɑ⁵²,ŋ u j ²¹⁴ + kʷ ɑ ⁵²,,,,
KimMunLaocai-559_comb-1,,KimMunLaocai,559_comb,ȶɑ²¹⁴,ȶɑ²¹⁴,ȶ ɑ ²¹⁴,,,,
KimMunLaocai-84_earring-1,,KimMunLaocai,84_earring,bin⁵²,bin⁵²,b i n ⁵²,,,,
KimMunLaocai-560_needle-1,,KimMunLaocai,560_needle,θim⁵²,θim⁵²,θ i m ⁵²,,,,
KimMunLaocai-85_ring-1,,KimMunLaocai,85_ring,pu.dɔ¹¹kwin⁵²,pu.dɔ¹¹kwin⁵²,p u ⁰ + d ɔ ¹¹ + kʷ i n ⁵²,,,,
KimMunLaocai-86_shirttunic-1,,KimMunLaocai,86_shirttunic,guj²¹⁴,guj²¹⁴,g u j ²¹⁴,,,,
KimMunLaocai-87_skirt-1,,KimMunLaocai,87_skirt,ȶun¹¹,ȶun¹¹,ȶ u n ¹¹,,,,
KimMunLaocai-88_thread-1,,KimMunLaocai,88_thread,θuj⁵²,θuj⁵²,θ u j ⁵²,,,,
KimMunLaocai-79_trousers-1,,KimMunLaocai,79_trousers,kwɑ⁵²,kwɑ⁵²,kʷ ɑ ⁵²,,,,
KimMunLaocai-581_awl-1,,KimMunLaocai,581_awl,θun²¹⁴,θun²¹⁴,θ u n ²¹⁴,,,,
KimMunLaocai-561_axe-1,,KimMunLaocai,561_axe,pɐw⁴⁴,pɐw⁴⁴,p ɐ w ⁴⁴,,,,
KimMunLaocai-582_bag-1,,KimMunLaocai,582_bag,ti³³,ti³³,t i ³³,,,,
KimMunLaocai-583_basketi-1,,KimMunLaocai,583_basketi,gjɑŋ¹¹mɑw³¹,gjɑŋ¹¹mɑw³¹,g j ɑ ŋ ¹¹ + m ɑ w ³¹,,,,
KimMunLaocai-584_basketri-1,,KimMunLaocai,584_basketri,gjɐm³⁴¹,gjɐm³⁴¹,g j ɐ m ³⁴¹,,,,
KimMunLaocai-585_basketwi-1,,KimMunLaocai,585_basketwi,sɑŋ⁵²,sɑŋ⁵²,s ɑ ŋ ⁵²,,,,
KimMunLaocai-562_bowl-1,,KimMunLaocai,562_bowl,wɐn⁴⁴,wɐn⁴⁴,w ɐ n ⁴⁴,,,,
KimMunLaocai-563_chopsticks-1,,KimMunLaocai,563_chopsticks,ȶɐw³³,ȶɐw³³,ȶ ɐ w ³³,,,,
KimMunLaocai-290_fire-1,,KimMunLaocai,290_fire,tɐw³¹,tɐw³¹,t ɐ w ³¹,,,,
KimMunLaocai-586_firetongs-1,,KimMunLaocai,586_firetongs,pja⁴⁴,pja⁴⁴,p j a ⁴⁴,,,,
KimMunLaocai-587_fishnet-1,,KimMunLaocai,587_fishnet,lɛ³³,lɛ³³,l ɛ ³³,,,,
KimMunLaocai-564_hammer-1,,KimMunLaocai,564_hammer,pɐw⁴⁴,pɐw⁴⁴,p ɐ w ⁴⁴,,,,
KimMunLaocai-588_harrow-1,,KimMunLaocai,588_harrow,tuŋ¹¹pa¹¹,tuŋ¹¹pa¹¹,t u ŋ ¹¹ + p a ¹¹,,,,
KimMunLaocai-589_hoe-1,,KimMunLaocai,589_hoe,ȵɛw²¹⁴,ȵɛw²¹⁴,ȵ ɛ w ²¹⁴,,,,
KimMunLaocai-565_knife-1,,KimMunLaocai,565_knife,ȡu³³,ȡu³³,ȡ u ³³,,,,
KimMunLaocai-590_masher-1,,KimMunLaocai,590_masher,kum³³so⁵²,kum³³so⁵²,k u m ³³ + s o ⁵²,,,,
KimMunLaocai-591_plane-1,,KimMunLaocai,591_plane,tuŋ¹¹pɑw³³,tuŋ¹¹pɑw³³,t u ŋ ¹¹ + p ɑ w ³³,,,,
KimMunLaocai-592_plow-1,,KimMunLaocai,592_plow,tuŋ¹¹kjɑj¹¹,tuŋ¹¹kjɑj¹¹,t u ŋ ¹¹ + k j ɑ j ¹¹,,,,
KimMunLaocai-593_carryingpole-1,,KimMunLaocai,593_carryingpole,nɐ.muŋ⁵²,nɐ.muŋ⁵²,n ɐ ⁰ + m u ŋ ⁵²,,,,
KimMunLaocai-594_rope-1,,KimMunLaocai,594_rope,lɑŋ³⁵vin⁵²,lɑŋ³⁵vin⁵²,l ɑ ŋ ³⁵ + v i n ⁵²,,,,
KimMunLaocai-595_sickle-1,,KimMunLaocai,595_sickle,ȴu³¹to²¹⁴,ȴu³¹to²¹⁴,ȴ u ³¹ + t o ²¹⁴,,,,
KimMunLaocai-291_ashes-1,,KimMunLaocai,291_ashes,sɑj³³,sɑj³³,s ɑ j ³³,,,,
KimMunLaocai-287_bed-1,,KimMunLaocai,287_bed,ȶo⁵²,ȶo⁵²,ȶ o ⁵²,,,,
KimMunLaocai-278_blanket-1,,KimMunLaocai,278_blanket,θɔŋ⁵²,θɔŋ⁵²,θ ɔ ŋ ⁵²,,,,
KimMunLaocai-602_boat-1,,KimMunLaocai,602_boat,dɑŋ³³,dɑŋ³³,d ɑ ŋ ³³,,,,
KimMunLaocai-605_bridge-1,,KimMunLaocai,605_bridge,ȶo¹¹,ȶo¹¹,ȶ o ¹¹,,,,
KimMunLaocai-341_charcoal-1,,KimMunLaocai,341_charcoal,tɐw³¹tɑn⁵²,tɐw³¹tɑn⁵²,t ɐ w ³¹ + t ɑ n ⁵²,,,,
KimMunLaocai-600_coop-1,,KimMunLaocai,600_coop,ȶe²¹⁴ko⁵²,ȶe²¹⁴ko⁵²,ȶ e ²¹⁴ + k o ⁵²,,,,
KimMunLaocai-606_dockboat-1,,KimMunLaocai,606_dockboat,bɐj¹¹,bɐj¹¹,b ɐ j ¹¹,,,,
KimMunLaocai-279_door-1,,KimMunLaocai,279_door,kjɛŋ¹¹,kjɛŋ¹¹,k j ɛ ŋ ¹¹,,,,
KimMunLaocai-601_firewood-1,,KimMunLaocai,601_firewood,θɑŋ¹¹,θɑŋ¹¹,θ ɑ ŋ ¹¹,,,,
KimMunLaocai-288_garden-1,,KimMunLaocai,288_garden,ȡin⁵²,ȡin⁵²,ȡ i n ⁵²,,,,
KimMunLaocai-607_grave-1,,KimMunLaocai,607_grave,θo⁴⁴,θo⁴⁴,θ o ⁴⁴,,,,
KimMunLaocai-280_house-1,,KimMunLaocai,280_house,pjɑw⁴⁴,pjɑw⁴⁴,p j ɑ w ⁴⁴,,,,
KimMunLaocai-281_mat-1,,KimMunLaocai,281_mat,si³³,si³³,s i ³³,,,,
KimMunLaocai-608_paddy-1,,KimMunLaocai,608_paddy,giŋ³³lɔ⁵²,giŋ³³lɔ⁵²,g i ŋ ³³ + l ɔ ⁵²,,,,
KimMunLaocai-282_pillow-1,,KimMunLaocai,282_pillow,toŋ¹¹ȡɑm³⁵,toŋ¹¹ȡɑm³⁵,t o ŋ ¹¹ + ȡ ɑ m ³⁵,,,,
KimMunLaocai-609_plotdry-1,,KimMunLaocai,609_plotdry,gjɑŋ³⁵,gjɑŋ³⁵,g j ɑ ŋ ³⁵,,,,
KimMunLaocai-610_wetfield-1,,KimMunLaocai,610_wetfield,giŋ¹¹,giŋ¹¹,g i ŋ ¹¹,,,,
KimMunLaocai-611_road-1,,KimMunLaocai,611_road,kjaw⁴⁴,kjaw⁴⁴,k j a w ⁴⁴,,,,
KimMunLaocai-289_stairsladder-1,,KimMunLaocai,289_stairsladder,kjɑw⁴⁴kɑ³⁵,kjɑw⁴⁴kɑ³⁵,k j ɑ w ⁴⁴ + k ɑ ³⁵,,,,
KimMunLaocai-603_village-1,,KimMunLaocai,603_village,gjɐŋ³⁴¹,gjɐŋ³⁴¹,g j ɐ ŋ ³⁴¹,,,,
KimMunLaocai-612_wellwater-1,,KimMunLaocai,612_wellwater,twɐm¹¹kɔt³⁵,twɐm¹¹kɔt³⁵,t w ɐ m ¹¹ + k ɔ t ³⁵,,,,
KimMunLaocai-210_wide-1,,KimMunLaocai,210_wide,kwaŋ⁴⁴,kwaŋ⁴⁴,kʷ a ŋ ⁴⁴,,,,
KimMunLaocai-165_white-1,,KimMunLaocai,165_white,pɛ³³,pɛ³³,p ɛ ³³,,,,
KimMunLaocai-211_wet-1,,KimMunLaocai,211_wet,dɔn²¹⁴,dɔn²¹⁴,d ɔ n ²¹⁴,,,,
KimMunLaocai-212_sweet-1,,KimMunLaocai,212_sweet,gam²¹⁴,gam²¹⁴,g a m ²¹⁴,,,,
KimMunLaocai-213_sticky-1,,KimMunLaocai,213_sticky,bla²¹⁴,bla²¹⁴,b l a ²¹⁴,,,,
KimMunLaocai-214_spicy-1,,KimMunLaocai,214_spicy,bjat³³,bjat³³,b j a t ³³,,,,
KimMunLaocai-215_sour-1,,KimMunLaocai,215_sour,θuj⁵²,θuj⁵²,θ u j ⁵²,,,,
KimMunLaocai-216_soft-1,,KimMunLaocai,216_soft,sɔt³³,sɔt³³,s ɔ t ³³,,,,
KimMunLaocai-217_smelly-1,,KimMunLaocai,217_smelly,θɐj³⁵,θɐj³⁵,θ ɐ j ³⁵,,,,
KimMunLaocai-218_slick-1,,KimMunLaocai,218_slick,blaŋ³³,blaŋ³³,b l a ŋ ³³,,,,
KimMunLaocai-219_short-1,,KimMunLaocai,219_short,ham⁵²,ham⁵²,h a m ⁵²,,,,
KimMunLaocai-220_salty-1,,KimMunLaocai,220_salty,daj¹¹,daj¹¹,d a j ¹¹,,,,
KimMunLaocai-221_rotten-1,,KimMunLaocai,221_rotten,jɔt¹¹,jɔt¹¹,j ɔ t ¹¹,,,,
KimMunLaocai-222_ripe-1,,KimMunLaocai,222_ripe,a³³su³⁵,a³³su³⁵,a ³³ + s u ³⁵,,,,
KimMunLaocai-166_rightside-1,,KimMunLaocai,166_rightside,bjaw³³pu³¹,bjaw³³pu³¹,b j a w ³³ + p u ³¹,,,,
KimMunLaocai-167_red-1,,KimMunLaocai,167_red,θi⁵²,θi⁵²,θ i ⁵²,,,,
KimMunLaocai-223_raw-1,,KimMunLaocai,223_raw,a⁴⁴ŋim³⁴¹,a⁴⁴ŋim³⁴¹,a ⁴⁴ + ŋ i m ³⁴¹,,,,
KimMunLaocai-224_old-1,,KimMunLaocai,224_old,lo³⁵ȵaŋ³¹,lo³⁵ȵaŋ³¹,l o ³⁵ + ȵ a ŋ ³¹,,,,
KimMunLaocai-225_new-1,,KimMunLaocai,225_new,saŋ³³ȵaŋ³¹,saŋ³³ȵaŋ³¹,s a ŋ ³³ + ȵ a ŋ ³¹,,,,
KimMunLaocai-226_near-1,,KimMunLaocai,226_near,θat³³,θat³³,θ a t ³³,,,,
KimMunLaocai-227_narrow-1,,KimMunLaocai,227_narrow,it³³,it³³,i t ³³,,,,
KimMunLaocai-228_low-1,,KimMunLaocai,228_low,ha⁵²,ha⁵²,h a ⁵²,,,,
KimMunLaocai-229_lightweight-1,,KimMunLaocai,229_lightweight,so⁵²,so⁵²,s o ⁵²,,,,
KimMunLaocai-230_left-1,,KimMunLaocai,230_left,θaj³³bu³⁴¹,θaj³³bu³⁴¹,θ a j ³³ + b u ³⁴¹,,,,
KimMunLaocai-231_late-1,,KimMunLaocai,231_late,an³⁵,an³⁵,a n ³⁵,,,,
KimMunLaocai-232_inside-1,,KimMunLaocai,232_inside,gja³⁴¹,gja³⁴¹,g j a ³⁴¹,,,,
KimMunLaocai-233_hot-1,,KimMunLaocai,233_hot,kjɔm²¹⁴,kjɔm²¹⁴,k j ɔ m ²¹⁴,,,,
KimMunLaocai-234_high-1,,KimMunLaocai,234_high,gjaŋ⁵²,gjaŋ⁵²,g j a ŋ ⁵²,,,,
KimMunLaocai-235_heavy-1,,KimMunLaocai,235_heavy,ni³³,ni³³,n i ³³,,,,
KimMunLaocai-236_hard-1,,KimMunLaocai,236_hard,ȵɛŋ³³,ȵɛŋ³³,ȵ ɛ ŋ ³³,,,,
KimMunLaocai-168_green-1,,KimMunLaocai,168_green,mɛŋ²¹⁴,mɛŋ²¹⁴,m ɛ ŋ ²¹⁴,,,,
KimMunLaocai-237_good-1,,KimMunLaocai,237_good,gɔŋ³³ve³⁴¹,gɔŋ³³ve³⁴¹,g ɔ ŋ ³³ + v e ³⁴¹,,,,
KimMunLaocai-238_full-1,,KimMunLaocai,238_full,bɔŋ⁵²,bɔŋ⁵²,b ɔ ŋ ⁵²,,,,
KimMunLaocai-239_fragrant-1,,KimMunLaocai,239_fragrant,daŋ²¹⁴,daŋ²¹⁴,d a ŋ ²¹⁴,,,,
KimMunLaocai-240_fishy-1,,KimMunLaocai,240_fishy,θe³³diŋ⁵²,θe³³diŋ⁵²,θ e ³³ + d i ŋ ⁵²,,,,
KimMunLaocai-241_far-1,,KimMunLaocai,241_far,gɔ²¹⁴,gɔ²¹⁴,g ɔ ²¹⁴,,,,
KimMunLaocai-242_early-1,,KimMunLaocai,242_early,gjo⁴⁴,gjo⁴⁴,g j o ⁴⁴,,,,
KimMunLaocai-172_dry-1,,KimMunLaocai,172_dry,gaj⁵²,gaj⁵²,g a j ⁵²,,,,
KimMunLaocai-243_dead-1,,KimMunLaocai,243_dead,daj³³,daj³³,d a j ³³,,,,
KimMunLaocai-169_cool-1,,KimMunLaocai,169_cool,θiŋ³⁵,θiŋ³⁵,θ i ŋ ³⁵,,,,
KimMunLaocai-244_cold-1,,KimMunLaocai,244_cold,sɔŋ⁴⁴,sɔŋ⁴⁴,s ɔ ŋ ⁴⁴,,,,
KimMunLaocai-245_blind-1,,KimMunLaocai,245_blind,mɐj³³bu³³,mɐj³³bu³³,m ɐ j ³³ + b u ³³,,,,
KimMunLaocai-170_black-1,,KimMunLaocai,170_black,gja:²¹⁴,gja:²¹⁴,g j aː ²¹⁴,,,,
KimMunLaocai-246_bitter-1,,KimMunLaocai,246_bitter,im²¹⁴,im²¹⁴,i m ²¹⁴,,,,
KimMunLaocai-247_below-1,,KimMunLaocai,247_below,di⁴⁴,di⁴⁴,d i ⁴⁴,,,,
KimMunLaocai-248_bad-1,,KimMunLaocai,248_bad,ho³³,ho³³,h o ³³,,,,
KimMunLaocai-249_alive-1,,KimMunLaocai,249_alive,saŋ³¹,saŋ³¹,s a ŋ ³¹,,,,
KimMunLaocai-250_above-1,,KimMunLaocai,250_above,ȶɐj³³,ȶɐj³³,ȶ ɐ j ³³,,,,
KimMunLaocai-171_yellow-1,,KimMunLaocai,171_yellow,waŋ¹¹,waŋ¹¹,w a ŋ ¹¹,,,,
KimMunLaocai-742_towash-1,,KimMunLaocai,742_towash,daw³⁵,daw³⁵,d a w ³⁵,,,,
KimMunLaocai-743_towrite-1,,KimMunLaocai,743_towrite,kja⁴⁴,kja⁴⁴,k j a ⁴⁴,,,,
KimMunLaocai-613_towalk-1,,KimMunLaocai,613_towalk,jaŋ³³θaw³⁵,jaŋ³³θaw³⁵,j a ŋ ³³ + θ a w ³⁵,,,,
KimMunLaocai-614_towait-1,,KimMunLaocai,614_towait,ȶu⁴⁴,ȶu⁴⁴,ȶ u ⁴⁴,,,,
KimMunLaocai-744_totear-1,,KimMunLaocai,744_totear,ȶɛ⁵²,ȶɛ⁵²,ȶ ɛ ⁵²,,,,
KimMunLaocai-745_totalk-1,,KimMunLaocai,745_totalk,kɔ⁵²wa³⁵,kɔ⁵²wa³⁵,k ɔ ⁵² + w a ³⁵,,,,
KimMunLaocai-616_toswim-1,,KimMunLaocai,616_toswim,kjo¹¹,kjo¹¹,k j o ¹¹,,,,
KimMunLaocai-746_tostoke-1,,KimMunLaocai,746_tostoke,su¹¹,su¹¹,s u ¹¹,,,,
KimMunLaocai-617_tostir-1,,KimMunLaocai,617_tostir,law⁴⁴,law⁴⁴,l a w ⁴⁴,,,,
KimMunLaocai-618_tosteam-1,,KimMunLaocai,618_tosteam,naŋ³⁵saŋ²¹⁴,naŋ³⁵saŋ²¹⁴,n a ŋ ³⁵ + s a ŋ ²¹⁴,,,,
KimMunLaocai-619_tosteal-1,,KimMunLaocai,619_tosteal,aj³³θa³⁵,aj³³θa³⁵,a j ³³ + θ a ³⁵,,,,
KimMunLaocai-620_tostand-1,,KimMunLaocai,620_tostand,θo⁴⁴,θo⁴⁴,θ o ⁴⁴,,,,
KimMunLaocai-747_tosoak-1,,KimMunLaocai,747_tosoak,θe³³wɔm²¹⁴,θe³³wɔm²¹⁴,θ e ³³ + w ɔ m ²¹⁴,,,,
KimMunLaocai-621_tosmoke-1,,KimMunLaocai,621_tosmoke,hɔp⁵²jin²¹⁴,hɔp⁵²jin²¹⁴,h ɔ p ⁵² + j i n ²¹⁴,,,,
KimMunLaocai-748_tosmell-1,,KimMunLaocai,748_tosmell,hɔm⁵²,hɔm⁵²,h ɔ m ⁵²,,,,
KimMunLaocai-622_tosleep-1,,KimMunLaocai,622_tosleep,fɐj³⁵,fɐj³⁵,f ɐ j ³⁵,,,,
KimMunLaocai-749_toslash-1,,KimMunLaocai,749_toslash,daw⁴⁴,daw⁴⁴,d a w ⁴⁴,,,,
KimMunLaocai-623_tosit-1,,KimMunLaocai,623_tosit,gjɛt³³,gjɛt³³,g j ɛ t ³³,,,,
KimMunLaocai-750_tosettrap-1,,KimMunLaocai,750_tosettrap,niŋ¹¹θi⁵²,niŋ¹¹θi⁵²,n i ŋ ¹¹ + θ i ⁵²,,,,
KimMunLaocai-624_tosell-1,,KimMunLaocai,624_tosell,ma:j³³,ma:j³³,m aː j ³³,,,,
KimMunLaocai-625_tosee-1,,KimMunLaocai,625_tosee,mɐŋ³³,mɐŋ³³,m ɐ ŋ ³³,,,,
KimMunLaocai-751_toscrape-1,,KimMunLaocai,751_toscrape,gwit⁵²,gwit⁵²,gʷ i t ⁵²,,,,
KimMunLaocai-752_toscold-1,,KimMunLaocai,752_toscold,ma³³,ma³³,m a ³³,,,,
KimMunLaocai-753_torun-1,,KimMunLaocai,753_torun,tju⁵²,tju⁵²,t j u ⁵²,,,,
KimMunLaocai-626_toroast-1,,KimMunLaocai,626_toroast,si²¹⁴,si²¹⁴,s i ²¹⁴,,,,
KimMunLaocai-754_toroar-1,,KimMunLaocai,754_toroar,haw¹¹,haw¹¹,h a w ¹¹,,,,
KimMunLaocai-755_toridehorse-1,,KimMunLaocai,755_toridehorse,ȶe¹¹ma³⁴¹,ȶe¹¹ma³⁴¹,ȶ e ¹¹ + m a ³⁴¹,,,,
KimMunLaocai-627_toreturn-1,,KimMunLaocai,627_toreturn,law³⁴¹,law³⁴¹,l a w ³⁴¹,,,,
KimMunLaocai-756_torest-1,,KimMunLaocai,756_torest,ni³¹gan⁵²,ni³¹gan⁵²,n i ³¹ + g a n ⁵²,,,,
KimMunLaocai-757_toremember-1,,KimMunLaocai,757_toremember,saŋ³⁵,saŋ³⁵,s a ŋ ³⁵,,,,
KimMunLaocai-758_topullgr-1,,KimMunLaocai,758_topullgr,bɛŋ¹¹ma³⁵,bɛŋ¹¹ma³⁵,b ɛ ŋ ¹¹ + m a ³⁵,,,,
KimMunLaocai-628_topull-1,,KimMunLaocai,628_topull,da:n³⁵,da:n³⁵,d aː n ³⁵,,,,
KimMunLaocai-759_topat-1,,KimMunLaocai,759_topat,bɛ⁵²,bɛ⁵²,b ɛ ⁵²,,,,
KimMunLaocai-760_toopenmr-1,,KimMunLaocai,760_toopenmr,gɔj⁵²,gɔj⁵²,g ɔ j ⁵²,,,,
KimMunLaocai-761_tomow-1,,KimMunLaocai,761_tomow,gwan⁵²,gwan⁵²,gʷ a n ⁵²,,,,
KimMunLaocai-762_tomarryw-1,,KimMunLaocai,762_tomarryw,ȶo¹¹aw⁴⁴,ȶo¹¹aw⁴⁴,ȶ o ¹¹ + a w ⁴⁴,,,,
KimMunLaocai-763_tomarryd-1,,KimMunLaocai,763_tomarryd,naj³⁵la:ŋ¹¹,naj³⁵la:ŋ¹¹,n a j ³⁵ + l aː ŋ ¹¹,,,,
KimMunLaocai-764_tolike-1,,KimMunLaocai,764_tolike,oj³⁵,oj³⁵,o j ³⁵,,,,
KimMunLaocai-629_toknow-1,,KimMunLaocai,629_toknow,pe²¹⁴,pe²¹⁴,p e ²¹⁴,,,,
KimMunLaocai-765_tokill-1,,KimMunLaocai,765_tokill,dɐj³⁵,dɐj³⁵,d ɐ j ³⁵,,,,
KimMunLaocai-766_tohonekn-1,,KimMunLaocai,766_tohonekn,ȶo⁵²ȶu³³,ȶo⁵²ȶu³³,ȶ o ⁵² + ȶ u ³³,,,,
KimMunLaocai-767_tohide-1,,KimMunLaocai,767_tohide,mɛm⁴⁴,mɛm⁴⁴,m ɛ m ⁴⁴,,,,
KimMunLaocai-630_tohear-1,,KimMunLaocai,630_tohear,muŋ⁵²,muŋ⁵²,m u ŋ ⁵²,,,,
KimMunLaocai-768_togo-1,,KimMunLaocai,768_togo,niŋ¹¹,niŋ¹¹,n i ŋ ¹¹,,,,
KimMunLaocai-631_togive-1,,KimMunLaocai,631_togive,fɐn²¹⁴,fɐn²¹⁴,f ɐ n ²¹⁴,,,,
KimMunLaocai-769_togivebirth-1,,KimMunLaocai,769_togivebirth,juŋ³⁴¹,juŋ³⁴¹,j u ŋ ³⁴¹,,,,
KimMunLaocai-770_tofry-1,,KimMunLaocai,770_tofry,ȶa:w³³,ȶa:w³³,ȶ aː w ³³,,,,
KimMunLaocai-632_toforget-1,,KimMunLaocai,632_toforget,ȵo³³gɔ⁵²,ȵo³³gɔ⁵²,ȵ o ³³ + g ɔ ⁵²,,,,
KimMunLaocai-633_tofly-1,,KimMunLaocai,633_tofly,dɐj⁵²,dɐj⁵²,d ɐ j ⁵²,,,,
KimMunLaocai-771_tofear-1,,KimMunLaocai,771_tofear,kuŋ¹¹ja⁵²,kuŋ¹¹ja⁵²,k u ŋ ¹¹ + j a ⁵²,,,,
KimMunLaocai-772_tofalldown-1,,KimMunLaocai,772_tofalldown,kliŋ³⁴¹,kliŋ³⁴¹,k l i ŋ ³⁴¹,,,,
KimMunLaocai-773_toexplode-1,,KimMunLaocai,773_toexplode,tɔ³³,tɔ³³,t ɔ ³³,,,,
KimMunLaocai-634_toeat-1,,KimMunLaocai,634_toeat,ȵin³³,ȵin³³,ȵ i n ³³,,,,
KimMunLaocai-774_tosundry-1,,KimMunLaocai,774_tosundry,faj⁵²,faj⁵²,f a j ⁵²,,,,
KimMunLaocai-635_todrink-1,,KimMunLaocai,635_todrink,hɔp⁵²,hɔp⁵²,h ɔ p ⁵²,,,,
KimMunLaocai-775_todrawwater-1,,KimMunLaocai,775_todrawwater,dan³⁵,dan³⁵,d a n ³⁵,,,,
KimMunLaocai-776_todrain-1,,KimMunLaocai,776_todrain,goj⁵²wɐm²¹⁴,goj⁵²wɐm²¹⁴,g o j ⁵² + w ɐ m ²¹⁴,,,,
KimMunLaocai-636_todip-1,,KimMunLaocai,636_todip,gwa⁵²,gwa⁵²,gʷ a ⁵²,,,,
KimMunLaocai-637_todie-1,,KimMunLaocai,637_todie,daj³³,daj³³,d a j ³³,,,,
KimMunLaocai-777_tocutwscissors-1,,KimMunLaocai,777_tocutwscissors,gjap³³,gjap³³,g j a p ³³,,,,
KimMunLaocai-778_tocutwknife-1,,KimMunLaocai,778_tocutwknife,gat³¹,gat³¹,g a t ³¹,,,,
KimMunLaocai-779_tocrow-1,,KimMunLaocai,779_tocrow,aj³³gaj³⁵,aj³³gaj³⁵,a j ³³ + g a j ³⁵,,,,
KimMunLaocai-780_tocook-1,,KimMunLaocai,780_tocook,ȶo⁴⁴,ȶo⁴⁴,ȶ o ⁴⁴,,,,
KimMunLaocai-638_tocome-1,,KimMunLaocai,638_tocome,taw⁵²,taw⁵²,t a w ⁵²,,,,
KimMunLaocai-781_tochew-1,,KimMunLaocai,781_tochew,ȵaj⁵²,ȵaj⁵²,ȵ a j ⁵²,,,,
KimMunLaocai-782_tochase-1,,KimMunLaocai,782_tochase,luj³³,luj³³,l u j ³³,,,,
KimMunLaocai-783_tocarry-1,,KimMunLaocai,783_tocarry,dam²¹⁴,dam²¹⁴,d a m ²¹⁴,,,,
KimMunLaocai-639_tobuy-1,,KimMunLaocai,639_tobuy,maj³⁴¹,maj³⁴¹,m a j ³⁴¹,,,,
KimMunLaocai-640_toblow-1,,KimMunLaocai,640_toblow,pjɔm⁴⁴,pjɔm⁴⁴,p j ɔ m ⁴⁴,,,,
KimMunLaocai-641_tobite-1,,KimMunLaocai,641_tobite,tap³³,tap³³,t a p ³³,,,,
KimMunLaocai-784_tobeable-1,,KimMunLaocai,784_tobeable,du²¹⁴,du²¹⁴,d u ²¹⁴,,,,
KimMunLaocai-785_tobathe-1,,KimMunLaocai,785_tobathe,dam³¹wɐm²¹⁴,dam³¹wɐm²¹⁴,d a m ³¹ + w ɐ m ²¹⁴,,,,
KimMunLaocai-786_todark-1,,KimMunLaocai,786_todark,ȶuŋ³⁵,ȶuŋ³⁵,ȶ u ŋ ³⁵,,,,
KimMunLaocai-787_toarrive-1,,KimMunLaocai,787_toarrive,da:j¹¹,da:j¹¹,d aː j ¹¹,,,,
KimMunLaocai-788_toarise-1,,KimMunLaocai,788_toarise,θe¹¹kwɛ³⁴¹,θe¹¹kwɛ³⁴¹,θ e ¹¹ + kʷ ɛ ³⁴¹,,,,
KimMunLaocai-642_toanswer-1,,KimMunLaocai,642_toanswer,kɔŋ⁴⁴,kɔŋ⁴⁴,k ɔ ŋ ⁴⁴,,,,
KimMunLaocai-789_toaccept-1,,KimMunLaocai,789_toaccept,nɔŋ³³,nɔŋ³³,n ɔ ŋ ³³,,,,
KimMunLaocai-452_yousg-1,,KimMunLaocai,452_yousg,mɐj¹¹,mɐj¹¹,m ɐ j ¹¹,,,,
KimMunLaocai-453_we-1,,KimMunLaocai,453_we,pan¹¹,pan¹¹,p a n ¹¹,,,,
KimMunLaocai-404_they-1,,KimMunLaocai,404_they,si²¹⁴,si²¹⁴,s i ²¹⁴,,,,
KimMunLaocai-379_many-1,,KimMunLaocai,379_many,duŋ³⁵,duŋ³⁵,d u ŋ ³⁵,,,,
KimMunLaocai-454_i-1,,KimMunLaocai,454_i,ja²¹⁴,ja²¹⁴,j a ²¹⁴,,,,
KimMunLaocai-455_he-1,,KimMunLaocai,455_he,nɐn¹¹,nɐn¹¹,n ɐ n ¹¹,,,,
KimMunLaocai-456_youpl-1,,KimMunLaocai,456_youpl,ȵo¹¹,ȵo¹¹,ȵ o ¹¹,,,,
KimMunLaocai-380_1-1,,KimMunLaocai,380_1,ɑ¹¹,ɑ¹¹,ɑ ¹¹,,,,
KimMunLaocai-381_2-1,,KimMunLaocai,381_2,i³⁵,i³⁵,i ³⁵,,,,
KimMunLaocai-382_3-1,,KimMunLaocai,382_3,po²¹⁴,po²¹⁴,p o ²¹⁴,,,,
KimMunLaocai-383_4-1,,KimMunLaocai,383_4,pje²¹⁴,pje²¹⁴,p j e ²¹⁴,,,,
KimMunLaocai-384_5-1,,KimMunLaocai,384_5,pja²¹⁴,pja²¹⁴,p j a ²¹⁴,,,,
KimMunLaocai-385_6-1,,KimMunLaocai,385_6,kjɔ²¹⁴,kjɔ²¹⁴,k j ɔ ²¹⁴,,,,
KimMunLaocai-386_7-1,,KimMunLaocai,386_7,ȵi³³,ȵi³³,ȵ i ³³,,,,
KimMunLaocai-387_8-1,,KimMunLaocai,387_8,jɐt³³,jɐt³³,j ɐ t ³³,,,,
KimMunLaocai-388_9-1,,KimMunLaocai,388_9,du¹¹,du¹¹,d u ¹¹,,,,
KimMunLaocai-389_10-1,,KimMunLaocai,389_10,sap¹¹,sap¹¹,s a p ¹¹,,,,
KimMunLaocai-390_11-1,,KimMunLaocai,390_11,sap¹¹bjɛt³³,sap¹¹bjɛt³³,s a p ¹¹ + b j ɛ t ³³,,,,
KimMunLaocai-391_12-1,,KimMunLaocai,391_12,sap¹¹ȵe¹¹,sap¹¹ȵe¹¹,s a p ¹¹ + ȵ e ¹¹,,,,
KimMunLaocai-392_13-1,,KimMunLaocai,392_13,sap¹¹sam²¹⁴,sap¹¹sam²¹⁴,s a p ¹¹ + s a m ²¹⁴,,,,
KimMunLaocai-393_14-1,,KimMunLaocai,393_14,sap¹¹θe³⁵,sap¹¹θe³⁵,s a p ¹¹ + θ e ³⁵,,,,
KimMunLaocai-394_15-1,,KimMunLaocai,394_15,sap¹¹ŋo³⁴¹,sap¹¹ŋo³⁴¹,s a p ¹¹ + ŋ o ³⁴¹,,,,
KimMunLaocai-395_16-1,,KimMunLaocai,395_16,sap¹¹gu³³,sap¹¹gu³³,s a p ¹¹ + g u ³³,,,,
KimMunLaocai-396_17-1,,KimMunLaocai,396_17,sap¹¹kjɛt⁵²,sap¹¹kjɛt⁵²,s a p ¹¹ + k j ɛ t ⁵²,,,,
KimMunLaocai-397_18-1,,KimMunLaocai,397_18,sap¹¹pit³¹,sap¹¹pit³¹,s a p ¹¹ + p i t ³¹,,,,
KimMunLaocai-398_19-1,,KimMunLaocai,398_19,sap¹¹ȶu⁴⁴,sap¹¹ȶu⁴⁴,s a p ¹¹ + ȶ u ⁴⁴,,,,
KimMunLaocai-399_20-1,,KimMunLaocai,399_20,ni³³sap¹¹,ni³³sap¹¹,n i ³³ + s a p ¹¹,,,,
KimMunLaocai-400_21-1,,KimMunLaocai,400_21,ni³³sap¹¹ȵe¹¹,ni³³sap¹¹ȵe¹¹,n i ³³ + s a p ¹¹ + ȵ e ¹¹,,,,
KimMunLaocai-401_100-1,,KimMunLaocai,401_100,ap¹¹pɛ²¹⁴,ap¹¹pɛ²¹⁴,a p ¹¹ + p ɛ ²¹⁴,,,,
KimMunLaocai-402_1000-1,,KimMunLaocai,402_1000,a¹¹tin⁵²,a¹¹tin⁵²,a ¹¹ + t i n ⁵²,,,,
